,(1814.276, 2443.017, 116.4753, 2984.3495, 2426.0328, 178.4368, 53.2934, 2533.6592, 353.3906)
,(1814.276, 2443.017, 116.4753, 2984.3495, 2426.0328, 178.4368, 53.2934, 2533.6592, 353.3906)
,(1814.276, 2443.017, 116.4753, 2984.3495, 2426.0328, 178.4368, 53.2934, 2533.6592, 353.3906)
,(1814.276, 2443.017, 116.4753, 2984.3495, 2426.0328, 178.4368, 53.2934, 2533.6592, 353.3906)
,(1814.276, 2443.017, 116.4753, 2984.3495, 2426.0328, 178.4368, 53.2934, 2533.6592, 353.3906)
,(1814.276, 2443.017, 116.4753, 2984.3495, 2426.0328, 178.4368, 53.2934, 2533.6592, 353.3906)
,(1814.276, 2443.017, 116.4753, 2984.3495, 2426.0328, 178.4368, 53.2934, 2533.6592, 353.3906)
,(1814.276, 2443.017, 116.4753, 2984.3495, 2426.0328, 178.4368, 53.2934, 2533.6592, 353.3906)
,(1814.2505, 2443.0242, 116.4489, 2984.3671, 2426.0733, 178.4507, 53.3553, 2533.6587, 353.5153)
,(1814.2505, 2443.0242, 116.4489, 2984.3671, 2426.0733, 178.4507, 53.3553, 2533.6587, 353.5153)
,(1814.2505, 2443.0242, 116.4489, 2984.3671, 2426.0733, 178.4507, 53.3553, 2533.6587, 353.5153)
,(1814.2505, 2443.0242, 116.4489, 2984.3671, 2426.0733, 178.4507, 53.3553, 2533.6587, 353.5153)
,(1814.2505, 2443.0242, 116.4489, 2984.3671, 2426.0733, 178.4507, 53.3553, 2533.6587, 353.5153)
,(1814.2505, 2443.0242, 116.4489, 2984.3671, 2426.0733, 178.4507, 53.3553, 2533.6587, 353.5153)
,(1814.283, 2443.0089, 116.4741, 2984.3659, 2426.0793, 178.4108, 53.2892, 2533.668, 353.3998)
,(1814.283, 2443.0089, 116.4741, 2984.3659, 2426.0793, 178.4108, 53.2892, 2533.668, 353.3998)
,(1814.283, 2443.0089, 116.4741, 2984.3659, 2426.0793, 178.4108, 53.2892, 2533.668, 353.3998)
,(1814.283, 2443.0089, 116.4741, 2984.3659, 2426.0793, 178.4108, 53.2892, 2533.668, 353.3998)
,(1814.283, 2443.0089, 116.4741, 2984.3659, 2426.0793, 178.4108, 53.2892, 2533.668, 353.3998)
,(1814.283, 2443.0089, 116.4741, 2984.3659, 2426.0793, 178.4108, 53.2892, 2533.668, 353.3998)
,(1814.2784, 2443.0156, 116.468, 2983.4876, 2425.7441, 177.8946, 53.2988, 2533.6366, 353.4002)
,(1814.2784, 2443.0156, 116.468, 2983.4876, 2425.7441, 177.8946, 53.2988, 2533.6366, 353.4002)
,(1814.2784, 2443.0156, 116.468, 2983.4876, 2425.7441, 177.8946, 53.2988, 2533.6366, 353.4002)
,(1814.2784, 2443.0156, 116.468, 2983.4876, 2425.7441, 177.8946, 53.2988, 2533.6366, 353.4002)
,(1814.2784, 2443.0156, 116.468, 2983.4876, 2425.7441, 177.8946, 53.2988, 2533.6366, 353.4002)
,(1814.2784, 2443.0156, 116.468, 2983.4876, 2425.7441, 177.8946, 53.2988, 2533.6366, 353.4002)
,(1814.254, 2443.0108, 116.4548, 2979.8875, 2425.6346, 178.0986, 53.2584, 2533.6573, 353.4215)
,(1814.254, 2443.0108, 116.4548, 2979.8875, 2425.6346, 178.0986, 53.2584, 2533.6573, 353.4215)
,(1814.254, 2443.0108, 116.4548, 2979.8875, 2425.6346, 178.0986, 53.2584, 2533.6573, 353.4215)
,(1814.254, 2443.0108, 116.4548, 2979.8875, 2425.6346, 178.0986, 53.2584, 2533.6573, 353.4215)
,(1814.254, 2443.0108, 116.4548, 2979.8875, 2425.6346, 178.0986, 53.2584, 2533.6573, 353.4215)
,(1814.254, 2443.0108, 116.4548, 2979.8875, 2425.6346, 178.0986, 53.2584, 2533.6573, 353.4215)
,(1814.254, 2443.0108, 116.4548, 2979.8875, 2425.6346, 178.0986, 53.2584, 2533.6573, 353.4215)
,(1814.2798, 2443.0094, 116.4691, 2969.0375, 2425.2625, 177.583, 53.3016, 2533.6487, 353.4018)
,(1814.2798, 2443.0094, 116.4691, 2969.0375, 2425.2625, 177.583, 53.3016, 2533.6487, 353.4018)
,(1814.2798, 2443.0094, 116.4691, 2969.0375, 2425.2625, 177.583, 53.3016, 2533.6487, 353.4018)
,(1814.2798, 2443.0094, 116.4691, 2969.0375, 2425.2625, 177.583, 53.3016, 2533.6487, 353.4018)
,(1814.2798, 2443.0094, 116.4691, 2969.0375, 2425.2625, 177.583, 53.3016, 2533.6487, 353.4018)
,(1814.2798, 2443.0094, 116.4691, 2969.0375, 2425.2625, 177.583, 53.3016, 2533.6487, 353.4018)
,(1814.2726, 2443.002, 116.4743, 2956.0742, 2425.7226, 177.5458, 53.2718, 2533.6714, 353.4295)
,(1814.2726, 2443.002, 116.4743, 2956.0742, 2425.7226, 177.5458, 53.2718, 2533.6714, 353.4295)
,(1814.2726, 2443.002, 116.4743, 2956.0742, 2425.7226, 177.5458, 53.2718, 2533.6714, 353.4295)
,(1814.2726, 2443.002, 116.4743, 2956.0742, 2425.7226, 177.5458, 53.2718, 2533.6714, 353.4295)
,(1814.2726, 2443.002, 116.4743, 2956.0742, 2425.7226, 177.5458, 53.2718, 2533.6714, 353.4295)
,(1814.2726, 2443.002, 116.4743, 2956.0742, 2425.7226, 177.5458, 53.2718, 2533.6714, 353.4295)
,(1814.2734, 2443.0141, 116.4763, 2944.6964, 2426.1506, 177.9788, 53.2317, 2533.6814, 353.3979)
,(1814.2734, 2443.0141, 116.4763, 2944.6964, 2426.1506, 177.9788, 53.2317, 2533.6814, 353.3979)
,(1814.2734, 2443.0141, 116.4763, 2944.6964, 2426.1506, 177.9788, 53.2317, 2533.6814, 353.3979)
,(1814.2734, 2443.0141, 116.4763, 2944.6964, 2426.1506, 177.9788, 53.2317, 2533.6814, 353.3979)
,(1814.2734, 2443.0141, 116.4763, 2944.6964, 2426.1506, 177.9788, 53.2317, 2533.6814, 353.3979)
,(1814.2734, 2443.0141, 116.4763, 2944.6964, 2426.1506, 177.9788, 53.2317, 2533.6814, 353.3979)
,(1814.2791, 2442.9924, 116.4725, 2934.2177, 2426.1353, 177.9571, 53.3338, 2533.6657, 353.4484)
,(1814.2791, 2442.9924, 116.4725, 2934.2177, 2426.1353, 177.9571, 53.3338, 2533.6657, 353.4484)
,(1814.2791, 2442.9924, 116.4725, 2934.2177, 2426.1353, 177.9571, 53.3338, 2533.6657, 353.4484)
,(1814.2791, 2442.9924, 116.4725, 2934.2177, 2426.1353, 177.9571, 53.3338, 2533.6657, 353.4484)
,(1814.2791, 2442.9924, 116.4725, 2934.2177, 2426.1353, 177.9571, 53.3338, 2533.6657, 353.4484)
,(1814.2791, 2442.9924, 116.4725, 2934.2177, 2426.1353, 177.9571, 53.3338, 2533.6657, 353.4484)
,(1814.7017, 2443.521, 116.4248, 2923.5544, 2426.6531, 177.8896, 53.3903, 2533.6537, 353.4561)
,(1814.7017, 2443.521, 116.4248, 2923.5544, 2426.6531, 177.8896, 53.3903, 2533.6537, 353.4561)
,(1814.7017, 2443.521, 116.4248, 2923.5544, 2426.6531, 177.8896, 53.3903, 2533.6537, 353.4561)
,(1814.7017, 2443.521, 116.4248, 2923.5544, 2426.6531, 177.8896, 53.3903, 2533.6537, 353.4561)
,(1814.7017, 2443.521, 116.4248, 2923.5544, 2426.6531, 177.8896, 53.3903, 2533.6537, 353.4561)
,(1814.7017, 2443.521, 116.4248, 2923.5544, 2426.6531, 177.8896, 53.3903, 2533.6537, 353.4561)
,(1815.4553, 2444.8538, 116.0114, 2913.3649, 2426.7654, 178.1254, 57.5252, 2533.2243, 352.7639)
,(1815.4553, 2444.8538, 116.0114, 2913.3649, 2426.7654, 178.1254, 57.5252, 2533.2243, 352.7639)
,(1815.4553, 2444.8538, 116.0114, 2913.3649, 2426.7654, 178.1254, 57.5252, 2533.2243, 352.7639)
,(1815.4553, 2444.8538, 116.0114, 2913.3649, 2426.7654, 178.1254, 57.5252, 2533.2243, 352.7639)
,(1815.4553, 2444.8538, 116.0114, 2913.3649, 2426.7654, 178.1254, 57.5252, 2533.2243, 352.7639)
,(1815.4553, 2444.8538, 116.0114, 2913.3649, 2426.7654, 178.1254, 57.5252, 2533.2243, 352.7639)
,(1819.1949, 2447.845, 115.9051, 2902.8549, 2427.4371, 178.2885, 57.5252, 2533.2243, 352.7639)
,(1819.1949, 2447.845, 115.9051, 2902.8549, 2427.4371, 178.2885, 57.5252, 2533.2243, 352.7639)
,(1819.1949, 2447.845, 115.9051, 2902.8549, 2427.4371, 178.2885, 57.5252, 2533.2243, 352.7639)
,(1819.1949, 2447.845, 115.9051, 2902.8549, 2427.4371, 178.2885, 57.5252, 2533.2243, 352.7639)
,(1819.1949, 2447.845, 115.9051, 2902.8549, 2427.4371, 178.2885, 57.5252, 2533.2243, 352.7639)
,(1819.1949, 2447.845, 115.9051, 2902.8549, 2427.4371, 178.2885, 57.5252, 2533.2243, 352.7639)
,(1828.4855, 2449.6434, 115.825, 2890.5168, 2427.6929, 178.4348, 81.9769, 2530.4842, 351.867)
,(1828.4855, 2449.6434, 115.825, 2890.5168, 2427.6929, 178.4348, 81.9769, 2530.4842, 351.867)
,(1828.4855, 2449.6434, 115.825, 2890.5168, 2427.6929, 178.4348, 81.9769, 2530.4842, 351.867)
,(1828.4855, 2449.6434, 115.825, 2890.5168, 2427.6929, 178.4348, 81.9769, 2530.4842, 351.867)
,(1828.4855, 2449.6434, 115.825, 2890.5168, 2427.6929, 178.4348, 81.9769, 2530.4842, 351.867)
,(1828.4855, 2449.6434, 115.825, 2890.5168, 2427.6929, 178.4348, 81.9769, 2530.4842, 351.867)
,(1839.4636, 2449.6434, 115.825, 2880.2075, 2427.6929, 178.2193, 93.4519, 2529.1288, 351.7404)
,(1839.4636, 2449.7454, 116.4386, 2880.2075, 2427.4738, 178.2193, 93.4519, 2529.1288, 351.7404)
,(1839.4636, 2449.7454, 116.4386, 2880.2075, 2427.4738, 178.2193, 93.4519, 2529.1288, 351.7404)
,(1839.4636, 2449.7454, 116.4386, 2880.2075, 2427.4738, 178.2193, 93.4519, 2529.1288, 351.7404)
,(1839.4636, 2449.7454, 116.4386, 2880.2075, 2427.4738, 178.2193, 93.4519, 2529.1288, 351.7404)
,(1839.4636, 2449.7454, 116.4386, 2880.2075, 2427.4738, 178.2193, 93.4519, 2529.1288, 351.7404)
,(1839.4636, 2449.7454, 116.4386, 2880.2075, 2427.4738, 178.2193, 93.4519, 2529.1288, 351.7404)
,(1854.7717, 2448.4763, 116.5221, 2869.4875, 2427.5935, 178.376, 97.4677, 2528.4824, 351.7333)
,(1854.7717, 2448.4763, 116.5221, 2869.4875, 2427.5935, 178.376, 97.4677, 2528.4824, 351.7333)
,(1854.7717, 2448.4763, 116.5221, 2869.4875, 2427.5935, 178.376, 97.4677, 2528.4824, 351.7333)
,(1854.7717, 2448.4763, 116.5221, 2869.4875, 2427.5935, 178.376, 97.4677, 2528.4824, 351.7333)
,(1854.7717, 2448.4763, 116.5221, 2869.4875, 2427.5935, 178.376, 97.4677, 2528.4824, 351.7333)
,(1854.7717, 2448.4763, 116.5221, 2869.4875, 2427.5935, 178.376, 97.4677, 2528.4824, 351.7333)
,(1872.3248, 2446.5525, 116.7581, 2858.382, 2427.9151, 178.527, 111.7119, 2526.262, 351.7881)
,(1872.3248, 2446.5525, 116.7581, 2858.382, 2427.9151, 178.527, 111.7119, 2526.262, 351.7881)
,(1872.3248, 2446.5525, 116.7581, 2858.382, 2427.9151, 178.527, 111.7119, 2526.262, 351.7881)
,(1872.3248, 2446.5525, 116.7581, 2858.382, 2427.9151, 178.527, 111.7119, 2526.262, 351.7881)
,(1872.3248, 2446.5525, 116.7581, 2858.382, 2427.9151, 178.527, 111.7119, 2526.262, 351.7881)
,(1872.3248, 2446.5525, 116.7581, 2858.382, 2427.9151, 178.527, 111.7119, 2526.262, 351.7881)
,(1894.8196, 2443.2118, 116.0786, 2845.8204, 2427.8424, 178.4681, 124.6677, 2524.5142, 351.5781)
,(1894.8196, 2443.2118, 116.0786, 2845.8204, 2427.8424, 178.4681, 124.6677, 2524.5142, 351.5781)
,(1894.8196, 2443.2118, 116.0786, 2845.8204, 2427.8424, 178.4681, 124.6677, 2524.5142, 351.5781)
,(1894.8196, 2443.2118, 116.0786, 2845.8204, 2427.8424, 178.4681, 124.6677, 2524.5142, 351.5781)
,(1894.8196, 2443.2118, 116.0786, 2845.8204, 2427.8424, 178.4681, 124.6677, 2524.5142, 351.5781)
,(1894.8196, 2443.2118, 116.0786, 2845.8204, 2427.8424, 178.4681, 124.6677, 2524.5142, 351.5781)
,(1913.5492, 2440.4027, 116.2506, 2834.9817, 2428.0496, 178.5592, 137.3058, 2522.5616, 351.5421)
,(1913.5492, 2440.4027, 116.2506, 2834.9817, 2428.0496, 178.5592, 137.3058, 2522.5616, 351.5421)
,(1913.5492, 2440.4027, 116.2506, 2834.9817, 2428.0496, 178.5592, 137.3058, 2522.5616, 351.5421)
,(1913.5492, 2440.4027, 116.2506, 2834.9817, 2428.0496, 178.5592, 137.3058, 2522.5616, 351.5421)
,(1913.5492, 2440.4027, 116.2506, 2834.9817, 2428.0496, 178.5592, 137.3058, 2522.5616, 351.5421)
,(1913.5492, 2440.4027, 116.2506, 2834.9817, 2428.0496, 178.5592, 137.3058, 2522.5616, 351.5421)
,(1928.3495, 2438.5765, 116.2232, 2826.3209, 2428.2932, 178.9004, 148.4928, 2520.9446, 351.7886)
,(1928.3495, 2438.5765, 116.2232, 2826.3209, 2428.2932, 178.9004, 148.4928, 2520.9446, 351.7886)
,(1928.3495, 2438.5765, 116.2232, 2826.3209, 2428.2932, 178.9004, 148.4928, 2520.9446, 351.7886)
,(1928.3495, 2438.5765, 116.2232, 2826.3209, 2428.2932, 178.9004, 148.4928, 2520.9446, 351.7886)
,(1928.3495, 2438.5765, 116.2232, 2826.3209, 2428.2932, 178.9004, 148.4928, 2520.9446, 351.7886)
,(1928.3495, 2438.5765, 116.2232, 2826.3209, 2428.2932, 178.9004, 148.4928, 2520.9446, 351.7886)
,(1928.3495, 2438.5765, 116.2232, 2826.3209, 2428.2932, 178.9004, 148.4928, 2520.9446, 351.7886)
,(1947.1085, 2436.1069, 116.2102, 2813.7703, 2428.3166, 178.9727, 160.7148, 2519.3794, 351.2565)
,(1947.1085, 2436.1069, 116.2102, 2813.7703, 2428.3166, 178.9727, 160.7148, 2519.3794, 351.2565)
,(1947.1085, 2436.1069, 116.2102, 2813.7703, 2428.3166, 178.9727, 160.7148, 2519.3794, 351.2565)
,(1947.1085, 2436.1069, 116.2102, 2813.7703, 2428.3166, 178.9727, 160.7148, 2519.3794, 351.2565)
,(1947.1085, 2436.1069, 116.2102, 2813.7703, 2428.3166, 178.9727, 160.7148, 2519.3794, 351.2565)
,(1947.1085, 2436.1069, 116.2102, 2813.7703, 2428.3166, 178.9727, 160.7148, 2519.3794, 351.2565)
,(1961.9715, 2436.1069, 116.2102, 2801.2791, 2427.8479, 178.771, 173.2902, 2517.8351, 351.2939)
,(1961.9715, 2434.4177, 116.3383, 2801.2791, 2427.8479, 178.771, 173.2902, 2517.8351, 351.2939)
,(1961.9715, 2434.4177, 116.3383, 2801.2791, 2427.8479, 178.771, 173.2902, 2517.8351, 351.2939)
,(1961.9715, 2434.4177, 116.3383, 2801.2791, 2427.8479, 178.771, 173.2902, 2517.8351, 351.2939)
,(1961.9715, 2434.4177, 116.3383, 2801.2791, 2427.8479, 178.771, 173.2902, 2517.8351, 351.2939)
,(1973.8562, 2434.4177, 116.3383, 2790.7691, 2429.8532, 241.00889999999998, 177.1796, 2517.458, 351.2354)
,(1973.8562, 2434.0734, 116.3383, 2790.7691, 2429.8532, 241.00889999999998, 177.1796, 2517.458, 351.2354)
,(1973.8562, 2434.0734, 116.382, 2790.7691, 2429.8532, 241.00889999999998, 177.1796, 2517.458, 351.2354)
,(1973.8562, 2434.0734, 116.382, 2790.7691, 2429.8532, 241.00889999999998, 177.1796, 2517.458, 351.2354)
,(1973.8562, 2434.0734, 116.382, 2790.7691, 2429.8532, 241.00889999999998, 177.1796, 2517.458, 351.2354)
,(1985.7994, 2434.0734, 116.382, 2779.9327, 2428.0043, 241.00889999999998, 191.6103, 2515.9957, 351.1432)
,(1985.7994, 2434.0734, 116.382, 2779.9327, 2428.0043, 241.00889999999998, 191.6103, 2515.9957, 351.1432)
,(1985.7994, 2433.0316, 116.382, 2779.9327, 2428.0043, 178.8632, 191.6103, 2515.9957, 351.1432)
,(1985.7994, 2433.0316, 115.9688, 2779.9327, 2428.0043, 178.8632, 191.6103, 2515.9957, 351.1432)
,(1985.7994, 2433.0316, 115.9688, 2779.9327, 2428.0043, 178.8632, 191.6103, 2515.9957, 351.1432)
,(1985.7994, 2433.0316, 115.9688, 2779.9327, 2428.0043, 178.8632, 191.6103, 2515.9957, 351.1432)
,(1985.7994, 2433.0316, 115.9688, 2779.9327, 2428.0043, 178.8632, 191.6103, 2515.9957, 351.1432)
,(1997.9343, 2432.7543, 116.0297, 2769.0573, 2428.0026, 178.7991, 206.6193, 2514.1037, 351.375)
,(1997.9343, 2432.7543, 116.0297, 2769.0573, 2428.0026, 178.7991, 206.6193, 2514.1037, 351.375)
,(1997.9343, 2432.7543, 116.0297, 2769.0573, 2428.0026, 178.7991, 206.6193, 2514.1037, 351.375)
,(1997.9343, 2432.7543, 116.0297, 2769.0573, 2428.0026, 178.7991, 206.6193, 2514.1037, 351.375)
,(1997.9343, 2432.7543, 116.0297, 2769.0573, 2428.0026, 178.7991, 206.6193, 2514.1037, 351.375)
,(1997.9343, 2432.7543, 116.0297, 2769.0573, 2428.0026, 178.7991, 206.6193, 2514.1037, 351.375)
,(2011.678, 2431.4976, 116.4069, 2756.4914, 2427.9997, 178.8522, 219.3276, 2512.3394, 351.5671)
,(2011.678, 2431.4976, 116.4069, 2756.4914, 2427.9997, 178.8522, 219.3276, 2512.3394, 351.5671)
,(2011.678, 2431.4976, 116.4069, 2756.4914, 2427.9997, 178.8522, 219.3276, 2512.3394, 351.5671)
,(2011.678, 2431.4976, 116.4069, 2756.4914, 2427.9997, 178.8522, 219.3276, 2512.3394, 351.5671)
,(2011.678, 2431.4976, 116.4069, 2756.4914, 2427.9997, 178.8522, 219.3276, 2512.3394, 351.5671)
,(2011.678, 2431.4976, 116.4069, 2756.4914, 2427.9997, 178.8522, 219.3276, 2512.3394, 351.5671)
,(2025.4099, 2430.1598, 116.1476, 2745.8098, 2428.4186, 179.0909, 230.117, 2510.9606, 351.1959)
,(2025.4099, 2430.1598, 116.1476, 2745.8098, 2428.4186, 179.0909, 230.117, 2510.9606, 351.1959)
,(2025.4099, 2430.1598, 116.1476, 2745.8098, 2428.4186, 179.0909, 230.117, 2510.9606, 351.1959)
,(2025.4099, 2430.1598, 116.1476, 2745.8098, 2428.4186, 179.0909, 230.117, 2510.9606, 351.1959)
,(2025.4099, 2430.1598, 116.1476, 2745.8098, 2428.4186, 179.0909, 230.117, 2510.9606, 351.1959)
,(2025.4099, 2430.1598, 116.1476, 2745.8098, 2428.4186, 179.0909, 230.117, 2510.9606, 351.1959)
,(2039.4292, 2429.153, 116.089, 2738.8034, 2428.714, 179.0909, 230.117, 2510.9606, 351.1959)
,(2039.4292, 2429.153, 116.089, 2738.8034, 2428.714, 179.3399, 241.61, 2509.2528, 351.3547)
,(2039.4292, 2429.153, 116.089, 2738.8034, 2428.714, 179.3399, 241.61, 2509.2528, 351.3547)
,(2039.4292, 2429.153, 116.089, 2738.8034, 2428.714, 179.3399, 241.61, 2509.2528, 351.3547)
,(2039.4292, 2429.153, 116.089, 2738.8034, 2428.714, 179.3399, 241.61, 2509.2528, 351.3547)
,(2039.4292, 2429.153, 116.089, 2738.8034, 2428.714, 179.3399, 241.61, 2509.2528, 351.3547)
,(2039.4292, 2429.153, 116.089, 2738.8034, 2428.714, 179.3399, 241.61, 2509.2528, 351.3547)
,(2053.7155, 2428.2007, 116.0448, 2728.0755, 2429.3225, 179.039, 252.7103, 2507.8938, 351.2636)
,(2053.7155, 2428.2007, 116.0448, 2728.0755, 2429.3225, 179.039, 252.7103, 2507.8938, 351.2636)
,(2053.7155, 2428.2007, 116.0448, 2728.0755, 2429.3225, 179.039, 252.7103, 2507.8938, 351.2636)
,(2053.7155, 2428.2007, 116.0448, 2728.0755, 2429.3225, 179.039, 252.7103, 2507.8938, 351.2636)
,(2053.7155, 2428.2007, 116.0448, 2728.0755, 2429.3225, 179.039, 252.7103, 2507.8938, 351.2636)
,(2053.7155, 2428.2007, 116.0448, 2728.0755, 2429.3225, 179.039, 252.7103, 2507.8938, 351.2636)
,(2071.2409, 2425.8444, 116.2103, 2728.0755, 2429.3225, 179.039, 265.6169, 2505.8901, 351.4047)
,(2071.2409, 2425.8444, 116.2103, 2728.0755, 2429.3225, 179.039, 265.6169, 2505.8901, 351.4047)
,(2071.2409, 2425.8444, 116.2103, 2728.0755, 2429.3225, 179.039, 265.6169, 2505.8901, 351.4047)
,(2071.2409, 2425.8444, 116.2103, 2728.0755, 2429.3225, 179.039, 265.6169, 2505.8901, 351.4047)
,(2071.2409, 2425.8444, 116.2103, 2728.0755, 2429.3225, 179.039, 265.6169, 2505.8901, 351.4047)
,(2071.2409, 2425.8444, 116.2103, 2728.0755, 2429.3225, 179.039, 265.6169, 2505.8901, 351.4047)
,(2083.3945, 2424.3221, 116.4063, 2710.3097, 2429.0113, 178.7984, 275.0013, 2504.3459, 351.599)
,(2083.3945, 2424.3221, 116.4063, 2710.3097, 2429.0113, 178.7984, 275.0013, 2504.3459, 351.599)
,(2083.3945, 2424.3221, 116.4063, 2710.3097, 2429.0113, 178.7984, 275.0013, 2504.3459, 351.599)
,(2083.3945, 2424.3221, 116.4063, 2710.3097, 2429.0113, 178.7984, 275.0013, 2504.3459, 351.599)
,(2083.3945, 2424.3221, 116.4063, 2710.3097, 2429.0113, 178.7984, 275.0013, 2504.3459, 351.599)
,(2083.3945, 2424.3221, 116.4063, 2710.3097, 2429.0113, 178.7984, 275.0013, 2504.3459, 351.599)
,(2097.6136, 2422.3487, 116.5217, 2692.5874, 2428.4854, 178.7919, 285.7466, 2502.6577, 351.8955)
,(2097.6136, 2422.3487, 116.5217, 2692.5874, 2428.4854, 178.7919, 285.7466, 2502.6577, 351.8955)
,(2097.6136, 2422.3487, 116.5217, 2692.5874, 2428.4854, 178.7919, 285.7466, 2502.6577, 351.8955)
,(2097.6136, 2422.3487, 116.5217, 2692.5874, 2428.4854, 178.7919, 285.7466, 2502.6577, 351.8955)
,(2097.6136, 2422.3487, 116.5217, 2692.5874, 2428.4854, 178.7919, 285.7466, 2502.6577, 351.8955)
,(2112.1447, 2420.7351, 116.4372, 2692.5874, 2428.4854, 178.7919, 285.7466, 2502.6577, 351.8955)
,(2112.1447, 2420.7351, 116.4372, 2692.5874, 2428.4854, 178.7919, 296.9032, 2500.6139, 352.0498)
,(2112.1447, 2420.7351, 116.4372, 2692.5874, 2428.4854, 178.7919, 296.9032, 2500.6139, 352.0498)
,(2112.1447, 2420.7351, 116.4372, 2692.5874, 2428.4854, 178.7919, 296.9032, 2500.6139, 352.0498)
,(2112.1447, 2420.7351, 116.4372, 2692.5874, 2428.4854, 178.7919, 296.9032, 2500.6139, 352.0498)
,(2112.1447, 2420.7351, 116.4372, 2692.5874, 2428.4854, 178.7919, 296.9032, 2500.6139, 352.0498)
,(2112.1447, 2420.7351, 116.4372, 2692.5874, 2428.4854, 178.7919, 296.9032, 2500.6139, 352.0498)
,(2128.2656, 2418.9122, 116.4307, 2692.5874, 2428.4854, 178.7919, 309.5868, 2499.0816, 351.8201)
,(2128.2656, 2418.9122, 116.4307, 2692.5874, 2428.4854, 178.7919, 309.5868, 2499.0816, 351.8201)
,(2128.2656, 2418.9122, 116.4307, 2692.5874, 2428.4854, 178.7919, 309.5868, 2499.0816, 351.8201)
,(2128.2656, 2418.9122, 116.4307, 2692.5874, 2428.4854, 178.7919, 309.5868, 2499.0816, 351.8201)
,(2128.2656, 2418.9122, 116.4307, 2692.5874, 2428.4854, 178.7919, 309.5868, 2499.0816, 351.8201)
,(2128.2656, 2418.9122, 116.4307, 2692.5874, 2428.4854, 178.7919, 309.5868, 2499.0816, 351.8201)
,(2141.3286, 2417.3396, 116.769, 2692.5874, 2428.4854, 178.7919, 309.5868, 2497.7264, 351.6482)
,(2141.3286, 2417.3396, 116.769, 2692.5874, 2428.4854, 178.7919, 320.6687, 2497.7264, 351.6482)
,(2141.3286, 2417.3396, 116.769, 2692.5874, 2428.4854, 178.7919, 320.6687, 2497.7264, 351.6482)
,(2141.3286, 2417.3396, 116.769, 2692.5874, 2428.4854, 178.7919, 320.6687, 2497.7264, 351.6482)
,(2141.3286, 2417.3396, 116.769, 2692.5874, 2428.4854, 178.7919, 320.6687, 2497.7264, 351.6482)
,(2141.3286, 2417.3396, 116.769, 2692.5874, 2428.4854, 178.7919, 320.6687, 2497.7264, 351.6482)
,(2141.3286, 2417.3396, 116.769, 2692.5874, 2428.4854, 178.7919, 320.6687, 2497.7264, 351.6482)
,(2155.2744, 2416.1093, 116.9028, 2650.583, 2429.5919, 178.5528, 331.9169, 2496.3043, 351.7022)
,(2155.2744, 2416.1093, 116.9028, 2650.583, 2429.5919, 178.5528, 331.9169, 2496.3043, 351.7022)
,(2155.2744, 2416.1093, 116.9028, 2650.583, 2429.5919, 178.5528, 331.9169, 2496.3043, 351.7022)
,(2155.2744, 2416.1093, 116.9028, 2650.583, 2429.5919, 178.5528, 331.9169, 2496.3043, 351.7022)
,(2155.2744, 2416.1093, 116.9028, 2650.583, 2429.5919, 178.5528, 331.9169, 2496.3043, 351.7022)
,(2155.2744, 2416.1093, 116.9028, 2650.583, 2429.5919, 178.5528, 331.9169, 2496.3043, 351.7022)
,(2171.2904, 2414.1908, 117.4644, 2638.345, 2430.3401, 239.8424, 345.0594, 2495.2557, 351.396)
,(2171.2904, 2414.1908, 117.4644, 2638.345, 2430.3401, 239.8424, 345.0594, 2495.2557, 351.396)
,(2171.2904, 2414.1908, 117.4644, 2638.345, 2430.3401, 239.8424, 345.0594, 2495.2557, 351.396)
,(2171.2904, 2414.1908, 117.4644, 2638.345, 2430.3401, 239.8424, 345.0594, 2495.2557, 351.396)
,(2171.2904, 2414.1908, 117.4644, 2638.345, 2430.3401, 239.8424, 345.0594, 2495.2557, 351.396)
,(2171.2904, 2414.1908, 117.4644, 2638.345, 2430.3401, 239.8424, 345.0594, 2495.2557, 351.396)
,(2183.1141, 2413.007, 117.4644, 2638.345, 2430.3401, 239.8424, 354.3319, 2494.1661, 351.396)
,(2183.1141, 2413.007, 117.6504, 2638.345, 2430.3401, 239.8424, 354.3319, 2494.1661, 351.4699)
,(2183.1141, 2413.007, 117.6504, 2638.345, 2430.3401, 239.8424, 354.3319, 2494.1661, 351.4699)
,(2183.1141, 2413.007, 117.6504, 2638.345, 2430.3401, 239.8424, 354.3319, 2494.1661, 351.4699)
,(2183.1141, 2413.007, 117.6504, 2638.345, 2430.3401, 239.8424, 354.3319, 2494.1661, 351.4699)
,(2183.1141, 2413.007, 117.6504, 2638.345, 2430.3401, 239.8424, 354.3319, 2494.1661, 351.4699)
,(2200.2492, 2411.2518, 117.1864, 2613.7865, 2430.7151, 179.6174, 367.0999, 2492.3518, 351.5867)
,(2200.2492, 2411.2518, 117.1864, 2613.7865, 2430.7151, 179.6174, 367.0999, 2492.3518, 351.5867)
,(2200.2492, 2411.2518, 117.1864, 2613.7865, 2430.7151, 179.6174, 367.0999, 2492.3518, 351.5867)
,(2200.2492, 2411.2518, 117.1864, 2613.7865, 2430.7151, 179.6174, 367.0999, 2492.3518, 351.5867)
,(2200.2492, 2411.2518, 117.1864, 2613.7865, 2430.7151, 179.6174, 367.0999, 2492.3518, 351.5867)
,(2200.2492, 2411.2518, 117.1864, 2613.7865, 2430.7151, 179.6174, 367.0999, 2492.3518, 351.5867)
,(2214.5002, 2409.8353, 117.7862, 2611.8147, 2431.1588, 180.2556, 378.4936, 2491.0429, 351.682)
,(2214.5002, 2409.8353, 117.7862, 2611.8147, 2431.1588, 180.2556, 378.4936, 2491.0429, 351.682)
,(2214.5002, 2409.8353, 117.7862, 2611.8147, 2431.1588, 180.2556, 378.4936, 2491.0429, 351.682)
,(2214.5002, 2409.8353, 117.7862, 2611.8147, 2431.1588, 180.2556, 378.4936, 2491.0429, 351.682)
,(2214.5002, 2409.8353, 117.7862, 2611.8147, 2431.1588, 180.2556, 378.4936, 2491.0429, 351.682)
,(2214.5002, 2409.8353, 117.7862, 2611.8147, 2431.1588, 180.2556, 378.4936, 2491.0429, 351.682)
,(2229.2728, 2409.8353, 117.7862, 2611.8147, 2431.1588, 180.2556, 378.4936, 2491.0429, 351.682)
,(2229.2728, 2408.1299, 117.917, 2592.6001, 2430.0184, 239.3961, 389.3402, 2489.7099, 351.5588)
,(2288.47, 2400.8324, 119.4304, 2475.4333, 2424.1383, 171.9511, 473.286, 2477.4761, 352.3628)
,(2288.47, 2400.8324, 119.4304, 2475.4333, 2424.1383, 171.9511, 473.286, 2477.4761, 352.3628)
,(2288.47, 2400.8324, 119.4304, 2475.4333, 2424.1383, 171.9511, 473.286, 2477.4761, 352.3628)
,(2288.47, 2400.8324, 119.4304, 2475.4333, 2424.1383, 171.9511, 473.286, 2477.4761, 352.3628)
,(2288.47, 2400.8324, 119.4304, 2475.4333, 2424.1383, 171.9511, 473.286, 2477.4761, 352.3628)
,(2288.4667, 2400.8324, 119.4304, 2475.4333, 2424.1383, 171.9511, 473.286, 2477.4761, 352.3628)
,(2288.4667, 2400.892, 119.4032, 2475.4333, 2424.1383, 171.9511, 473.286, 2477.4761, 352.3628)
,(2288.4667, 2400.892, 119.4032, 2475.4333, 2424.1383, 171.9511, 473.2898, 2477.4811, 352.3931)
,(2288.4667, 2400.892, 119.4032, 2475.4333, 2424.1383, 171.9511, 473.2898, 2477.4811, 352.3931)
,(2288.4667, 2400.892, 119.4032, 2475.4333, 2424.1383, 171.9511, 473.2898, 2477.4811, 352.3931)
,(2288.4667, 2400.892, 119.4032, 2475.4333, 2424.1383, 171.9511, 473.2898, 2477.4811, 352.3931)
,(2288.4667, 2400.892, 119.4032, 2475.4333, 2424.1383, 171.9511, 473.2898, 2477.4811, 352.3931)
,(2288.4667, 2400.892, 119.4032, 2475.4333, 2424.1383, 171.9511, 473.2898, 2477.4811, 352.3931)
,(2288.4667, 2400.892, 119.4032, 2475.4333, 2424.1383, 171.9511, 473.2898, 2477.4811, 352.3931)
,(2288.4667, 2400.892, 119.4032, 2475.4333, 2424.1383, 171.9511, 473.2898, 2477.4811, 352.3931)
,(2288.4667, 2400.892, 119.4032, 2475.4333, 2424.1383, 171.9511, 473.2839, 2477.4811, 352.3931)
,(2288.4667, 2400.892, 119.4032, 2475.4333, 2424.1383, 171.9511, 473.2839, 2477.4814, 352.3725)
,(2288.4667, 2400.892, 119.4032, 2475.4333, 2424.1383, 171.9511, 473.2839, 2477.4814, 352.3725)
,(2288.4667, 2400.892, 119.4032, 2475.4333, 2424.1383, 171.9511, 473.272, 2477.4814, 352.3725)
,(2288.4667, 2400.892, 119.4032, 2475.4333, 2424.1383, 171.9511, 473.272, 2477.4814, 352.3725)
,(2288.4667, 2400.892, 119.4032, 2475.4333, 2424.1383, 171.9511, 473.272, 2477.4814, 352.3725)
,(2288.4667, 2400.892, 119.4032, 2475.4333, 2424.1383, 171.9511, 473.272, 2477.4814, 352.3725)
,(2288.4667, 2400.892, 119.4032, 2475.4333, 2424.1383, 171.9511, 473.272, 2477.4866, 352.3876)
,(2288.4667, 2400.892, 119.4032, 2475.4333, 2424.1383, 171.9511, 473.272, 2477.4866, 352.3876)
,(2288.4667, 2400.892, 119.4032, 2475.4333, 2424.1383, 171.9511, 473.2836, 2477.4866, 352.3876)
,(2288.4667, 2400.892, 119.4032, 2475.4333, 2424.1383, 171.9511, 473.2836, 2477.4866, 352.3876)
,(2288.4667, 2400.892, 119.4032, 2475.4333, 2424.1383, 171.9511, 473.2836, 2477.4866, 352.3876)
,(2288.4667, 2400.892, 119.4032, 2475.4333, 2424.1383, 171.9511, 473.2836, 2477.4897, 352.3685)
,(2288.4667, 2400.892, 119.4032, 2475.4333, 2424.1383, 171.9511, 473.2836, 2477.4897, 352.3685)
,(2288.4667, 2400.892, 119.4032, 2475.4333, 2424.1383, 171.9511, 473.2836, 2477.4897, 352.3685)
,(2288.4667, 2400.892, 119.4032, 2475.4333, 2424.1383, 171.9511, 473.2836, 2477.4897, 352.3685)
,(2288.4667, 2400.892, 119.4032, 2475.4333, 2424.1383, 171.9511, 473.258, 2477.4897, 352.3685)
,(2288.4667, 2400.892, 119.4032, 2475.4333, 2424.1383, 171.9511, 473.258, 2477.4897, 352.3685)
,(2288.4667, 2400.892, 119.4032, 2475.4333, 2424.1383, 171.9511, 473.258, 2477.4897, 352.373)
,(2288.4667, 2400.892, 119.4032, 2475.4333, 2424.1383, 171.9511, 473.258, 2477.4961, 352.373)
,(2288.4667, 2400.892, 119.4032, 2475.4333, 2424.1383, 171.9511, 473.258, 2477.4961, 352.373)
,(2288.4667, 2400.892, 119.4032, 2475.4333, 2424.1383, 171.9511, 473.258, 2477.4961, 352.373)
,(2288.4667, 2400.892, 119.4032, 2475.4333, 2424.1383, 171.9511, 473.2572, 2477.488, 352.3783)
,(2288.4667, 2400.892, 119.4032, 2475.4333, 2424.1383, 171.9511, 473.2572, 2477.488, 352.3783)
,(2288.4667, 2400.892, 119.4032, 2475.4333, 2424.1383, 171.9511, 473.2572, 2477.488, 352.3783)
,(2288.4667, 2400.892, 119.4032, 2475.4333, 2424.1383, 171.9511, 473.2572, 2477.488, 352.3783)
,(2288.4667, 2400.892, 119.4032, 2475.4333, 2424.1383, 171.9511, 473.2572, 2477.488, 352.3783)
,(2288.4667, 2400.892, 119.4032, 2475.4333, 2424.1383, 171.9511, 473.2572, 2477.488, 352.3783)
,(2288.4667, 2400.892, 119.4032, 2475.4333, 2424.1383, 171.9511, 473.2451, 2477.5074, 352.3949)
,(2288.4667, 2400.892, 119.4032, 2475.4333, 2424.1383, 171.9511, 473.2451, 2477.5074, 352.3949)
,(2288.4667, 2400.892, 119.4032, 2475.4333, 2424.1383, 171.9511, 473.2451, 2477.5074, 352.3949)
,(2288.4667, 2400.892, 119.4032, 2475.4333, 2424.1383, 171.9511, 473.2451, 2477.5074, 352.3949)
,(2288.4667, 2400.892, 119.4032, 2475.4333, 2424.1383, 171.9511, 473.2451, 2477.5074, 352.3949)
,(2288.4667, 2400.892, 119.4032, 2475.4333, 2424.1383, 171.9511, 473.2451, 2477.5074, 352.3949)
,(2288.4667, 2400.892, 119.4032, 2475.4333, 2424.1383, 171.9511, 474.8666, 2477.3662, 352.1685)
,(2288.4667, 2400.892, 119.4032, 2475.4333, 2424.1383, 171.9511, 474.8666, 2477.3662, 352.1685)
,(2288.4667, 2400.892, 119.4032, 2475.4333, 2424.1383, 171.9511, 474.8666, 2477.3662, 352.1685)
,(2288.4667, 2400.892, 119.4032, 2475.4333, 2424.1383, 171.9511, 474.8666, 2477.3662, 352.1685)
,(2288.4667, 2400.892, 119.4032, 2475.4333, 2424.1383, 171.9511, 474.8666, 2477.3662, 352.1685)
,(2288.4667, 2400.892, 119.4032, 2475.4333, 2424.1383, 171.9511, 474.8666, 2477.3662, 352.1685)
,(2288.4667, 2400.892, 119.4032, 2475.4333, 2424.1383, 171.9511, 482.3022, 2476.4354, 351.9722)
,(2288.4667, 2400.892, 119.4032, 2475.4333, 2424.1383, 171.9511, 482.3022, 2476.4354, 351.9722)
,(2288.4667, 2400.892, 119.4032, 2475.4333, 2424.1383, 171.9511, 482.3022, 2476.4354, 351.9722)
,(2288.4667, 2400.892, 119.4032, 2475.4333, 2424.1383, 171.9511, 482.3022, 2476.4354, 351.9722)
,(2288.4667, 2400.892, 119.4032, 2475.4333, 2424.1383, 171.9511, 482.3022, 2476.4354, 351.9722)
,(2288.4667, 2400.892, 119.4032, 2475.4333, 2424.1383, 171.9511, 482.3022, 2476.4354, 351.9722)
,(2247.4902, 2403.1417, 118.7594, 2475.4333, 2424.1383, 171.9511, 497.9989, 2476.4354, 351.9722)
,(2247.4902, 2403.1417, 118.7594, 2475.4333, 2424.1383, 171.9511, 497.9989, 2474.3991, 351.6968)
,(2247.4902, 2403.1417, 118.7594, 2475.4333, 2424.1383, 171.9511, 497.9989, 2474.3991, 351.6968)
,(2247.4902, 2403.1417, 118.7594, 2475.4333, 2424.1383, 171.9511, 497.9989, 2474.3991, 351.6968)
,(2247.4902, 2403.1417, 118.7594, 2475.4333, 2424.1383, 171.9511, 497.9989, 2474.3991, 351.6968)
,(2247.4902, 2403.1417, 118.7594, 2475.4333, 2424.1383, 171.9511, 497.9989, 2474.3991, 351.6968)
,(2228.1628, 2406.1811, 118.9923, 2475.4333, 2424.1383, 171.9511, 510.5528, 2474.3991, 351.4657)
,(2228.1628, 2406.1811, 118.9923, 2475.4333, 2424.1383, 171.9511, 510.5528, 2473.3393, 351.4657)
,(2228.1628, 2406.1811, 118.9923, 2475.4333, 2424.1383, 171.9511, 510.5528, 2473.3393, 351.4657)
,(2228.1628, 2406.1811, 118.9923, 2475.4333, 2424.1383, 171.9511, 510.5528, 2473.3393, 351.4657)
,(2228.1628, 2406.1811, 118.9923, 2475.4333, 2424.1383, 171.9511, 510.5528, 2473.3393, 351.4657)
,(2228.1628, 2406.1811, 118.9923, 2475.4333, 2424.1383, 171.9511, 510.5528, 2473.3393, 351.4657)
,(2211.3929, 2408.0536, 118.9923, 2475.4333, 2424.1383, 171.9511, 510.5528, 2473.3393, 351.608)
,(2211.3929, 2408.0536, 118.9923, 2475.4333, 2424.1383, 171.9511, 520.1064, 2472.1062, 351.608)
,(2211.3929, 2408.0536, 119.0646, 2475.4333, 2424.1383, 171.9511, 520.1064, 2472.1062, 351.608)
,(2211.3929, 2408.0536, 119.0646, 2475.4333, 2424.1383, 171.9511, 520.1064, 2472.1062, 351.608)
,(2211.3929, 2408.0536, 119.0646, 2475.4333, 2424.1383, 171.9511, 520.1064, 2472.1062, 351.608)
,(2211.3929, 2408.0536, 119.0646, 2475.4333, 2424.1383, 171.9511, 520.1064, 2472.1062, 351.608)
,(2191.2963, 2408.0536, 119.7192, 2475.4333, 2424.1383, 171.9511, 531.6116, 2470.5043, 351.8795)
,(2191.2963, 2410.5275, 119.7192, 2475.4333, 2424.1383, 171.9511, 531.6116, 2470.5043, 351.8795)
,(2191.2963, 2410.5275, 119.7192, 2475.4333, 2424.1383, 171.9511, 531.6116, 2470.5043, 351.8795)
,(2191.2963, 2410.5275, 119.7192, 2475.4333, 2424.1383, 171.9511, 531.6116, 2470.5043, 351.8795)
,(2191.2963, 2410.5275, 119.7192, 2475.4333, 2424.1383, 171.9511, 531.6116, 2470.5043, 351.8795)
,(2191.2963, 2410.5275, 119.7192, 2475.4333, 2424.1383, 171.9511, 531.6116, 2470.5043, 351.8795)
,(2173.1815, 2410.5275, 119.7192, 2475.4333, 2424.1383, 171.9511, 543.323, 2470.5043, 352.1555)
,(2173.1815, 2410.5275, 119.5724, 2475.4333, 2424.1383, 171.9511, 543.323, 2470.5043, 352.1555)
,(2173.1815, 2411.8798, 119.5724, 2475.4333, 2424.1383, 171.9511, 543.323, 2468.9269, 352.1555)
,(2173.1815, 2411.8798, 119.5724, 2475.4333, 2424.1383, 171.9511, 543.323, 2468.9269, 352.1555)
,(2173.1815, 2411.8798, 119.5724, 2475.4333, 2424.1383, 171.9511, 543.323, 2468.9269, 352.1555)
,(2173.1815, 2411.8798, 119.5724, 2475.4333, 2424.1383, 171.9511, 543.323, 2468.9269, 352.1555)
,(2157.0816, 2411.8798, 119.5724, 2475.4333, 2424.1383, 171.9511, 543.323, 2468.9269, 352.1147)
,(2157.0816, 2411.8798, 119.5724, 2475.4333, 2424.1383, 171.9511, 554.6955, 2468.9269, 352.1147)
,(2157.0816, 2411.8798, 119.1517, 2475.4333, 2424.1383, 171.9511, 554.6955, 2467.7386, 352.1147)
,(2157.0816, 2412.1828, 119.1517, 2475.4333, 2424.1383, 171.9511, 554.6955, 2467.7386, 352.1147)
,(2157.0816, 2412.1828, 119.1517, 2475.4333, 2424.1383, 171.9511, 554.6955, 2467.7386, 352.1147)
,(2157.0816, 2412.1828, 119.1517, 2475.4333, 2424.1383, 171.9511, 554.6955, 2467.7386, 352.1147)
,(2144.454, 2412.1828, 119.1517, 2475.4333, 2424.1383, 171.9511, 554.6955, 2467.7386, 352.1288)
,(2144.454, 2412.1828, 119.1517, 2475.4333, 2424.1383, 171.9511, 554.6955, 2467.7386, 352.1288)
,(2144.454, 2412.1828, 119.1517, 2475.4333, 2424.1383, 171.9511, 566.0245, 2467.7386, 352.1288)
,(2144.454, 2412.1828, 118.7107, 2475.4333, 2424.1383, 171.9511, 566.0245, 2467.7386, 352.1288)
,(2144.454, 2413.1448, 118.7107, 2475.4333, 2424.1383, 171.9511, 566.0245, 2466.125, 352.1288)
,(2144.454, 2413.1448, 118.7107, 2475.4333, 2424.1383, 171.9511, 566.0245, 2466.125, 352.1288)
,(2132.6272, 2413.1448, 118.7107, 2475.4333, 2424.1383, 171.9511, 577.8796, 2466.125, 352.0751)
,(2132.6272, 2413.1448, 118.7107, 2475.4333, 2424.1383, 171.9511, 577.8796, 2466.125, 352.0751)
,(2132.6272, 2413.1448, 118.7107, 2475.4333, 2424.1383, 171.9511, 577.8796, 2466.125, 352.0751)
,(2132.6272, 2413.1448, 118.7107, 2475.4333, 2424.1383, 171.9511, 577.8796, 2466.125, 352.0751)
,(2132.6272, 2413.1448, 118.9761, 2475.4333, 2424.1383, 171.9511, 577.8796, 2466.125, 352.0751)
,(2132.6272, 2414.1209, 118.9761, 2475.4333, 2424.1383, 171.9511, 577.8796, 2464.6943, 352.0751)
,(2121.0754, 2414.1209, 118.9761, 2475.4333, 2424.1383, 171.9511, 589.7684, 2464.6943, 352.0488)
,(2121.0754, 2414.1209, 118.9761, 2475.4333, 2424.1383, 171.9511, 589.7684, 2464.6943, 352.0488)
,(2121.0754, 2414.1209, 118.9761, 2475.4333, 2424.1383, 171.9511, 589.7684, 2464.6943, 352.0488)
,(2121.0754, 2414.1209, 118.9761, 2475.4333, 2424.1383, 171.9511, 589.7684, 2464.6943, 352.0488)
,(2121.0754, 2414.1209, 118.9761, 2475.4333, 2424.1383, 171.9511, 589.7684, 2464.6943, 352.0488)
,(2121.0754, 2414.1209, 118.9286, 2475.4333, 2424.1383, 171.9511, 589.7684, 2464.6943, 352.0488)
,(2121.0754, 2414.6516, 118.9286, 2475.4333, 2424.1383, 171.9511, 602.0027, 2461.7183, 351.8496)
,(2110.0724, 2414.6516, 118.9286, 2475.4333, 2424.1383, 171.9511, 602.0027, 2461.7183, 351.8496)
,(2110.0724, 2414.6516, 118.9286, 2475.4333, 2424.1383, 171.9511, 602.0027, 2461.7183, 351.8496)
,(2110.0724, 2414.6516, 118.9286, 2475.4333, 2424.1383, 171.9511, 602.0027, 2461.7183, 351.8496)
,(2110.0724, 2414.6516, 118.9286, 2475.4333, 2424.1383, 171.9511, 602.0027, 2461.7183, 351.8496)
,(2110.0724, 2414.6516, 118.9286, 2475.4333, 2424.1383, 171.9511, 602.0027, 2461.7183, 351.8496)
,(2110.0724, 2414.6516, 119.2739, 2475.4333, 2424.1383, 171.9511, 602.0027, 2461.7183, 352.2064)
,(2110.0724, 2415.8981, 119.2739, 2475.4333, 2424.1383, 171.9511, 615.4859, 2461.7183, 352.2064)
,(2100.6014, 2415.8981, 119.2739, 2475.4333, 2424.1383, 171.9511, 615.4859, 2459.5728, 352.2064)
,(2100.6014, 2415.8981, 119.2739, 2475.4333, 2424.1383, 171.9511, 615.4859, 2459.5728, 352.2064)
,(2100.6014, 2415.8981, 119.2739, 2475.4333, 2424.1383, 171.9511, 615.4859, 2459.5728, 352.2064)
,(2100.6014, 2415.8981, 119.2739, 2475.4333, 2424.1383, 171.9511, 615.4859, 2459.5728, 352.2064)
,(2100.6014, 2415.8981, 119.2739, 2475.4333, 2424.1383, 171.9511, 615.4859, 2459.5728, 352.2064)
,(2100.6014, 2415.8981, 120.2383, 2475.4333, 2424.1383, 171.9511, 615.4859, 2459.5728, 352.4028)
,(2100.6014, 2416.5299, 120.2383, 2475.4333, 2424.1383, 171.9511, 615.4859, 2459.5728, 352.4028)
,(2100.9204, 2416.5299, 120.2383, 2475.4333, 2424.1383, 171.9511, 627.1684, 2457.8779, 352.4028)
,(2100.9204, 2416.5299, 120.2383, 2475.4333, 2424.1383, 171.9511, 627.1684, 2457.8779, 352.4028)
,(2100.9204, 2416.5299, 120.2383, 2475.4333, 2424.1383, 171.9511, 627.1684, 2457.8779, 352.4028)
,(2100.9204, 2416.5299, 120.2383, 2475.4333, 2424.1383, 171.9511, 627.1684, 2457.8779, 352.4028)
,(2100.9204, 2415.8247, 120.2383, 2475.4333, 2424.1383, 171.9511, 639.0348, 2457.8779, 352.3041)
,(2100.9204, 2415.8247, 120.2383, 2475.4333, 2424.1383, 171.9511, 639.0348, 2457.8779, 352.3041)
,(2100.9204, 2415.8247, 119.6304, 2475.4333, 2424.1383, 171.9511, 639.0348, 2457.8779, 352.3041)
,(2100.9204, 2415.8247, 119.6304, 2475.4333, 2424.1383, 171.9511, 639.0348, 2457.8779, 352.3041)
,(2106.6077, 2415.8247, 119.6304, 2475.4333, 2424.1383, 171.9511, 639.0348, 2456.2576, 352.3041)
,(2106.6077, 2415.8247, 119.6304, 2475.4333, 2424.1383, 171.9511, 639.0348, 2456.2576, 352.3041)
,(2106.6077, 2415.8247, 119.6304, 2475.4333, 2424.1383, 171.9511, 639.0348, 2456.2576, 352.388)
,(2106.6077, 2415.8247, 118.958, 2475.4333, 2424.1383, 171.9511, 639.0348, 2456.2576, 352.388)
,(2106.6077, 2414.4859, 118.958, 2475.4333, 2424.1383, 171.9511, 650.4624, 2456.2576, 352.388)
,(2106.6077, 2414.4859, 118.958, 2475.4333, 2424.1383, 171.9511, 650.4624, 2456.2576, 352.388)
,(2106.6077, 2414.4859, 118.958, 2475.4333, 2424.1383, 171.9511, 650.4624, 2456.2576, 352.388)
,(2106.6077, 2414.4859, 118.958, 2475.4333, 2424.1383, 171.9511, 650.4624, 2455.0068, 352.388)
,(2106.6077, 2414.4859, 118.958, 2475.4333, 2424.1383, 171.9511, 650.4624, 2455.0068, 352.3763)
,(2129.2489, 2414.4859, 118.5437, 2475.4333, 2424.1383, 171.9511, 650.4624, 2455.0068, 352.3763)
,(2129.2489, 2414.4859, 118.5437, 2475.4333, 2424.1383, 171.9511, 650.4624, 2455.0068, 352.3763)
,(2129.2489, 2414.4859, 118.5437, 2475.4333, 2424.1383, 171.9511, 661.9319, 2455.0068, 352.3763)
,(2129.2489, 2411.1934, 118.5437, 2475.4333, 2424.1383, 171.9511, 661.9319, 2455.0068, 352.3763)
,(2129.2489, 2411.1934, 118.5437, 2475.4333, 2424.1383, 171.9511, 661.9319, 2455.0068, 352.3763)
,(2129.2489, 2411.1934, 118.5437, 2475.4333, 2424.1383, 171.9511, 661.9319, 2455.0068, 352.3106)
,(2129.2489, 2411.1934, 118.5437, 2475.4333, 2424.1383, 171.9511, 661.9319, 2452.5623, 352.3106)
,(2129.2489, 2411.1934, 118.5437, 2475.4333, 2424.1383, 171.9511, 661.9319, 2452.5623, 352.3106)
,(2144.5789, 2411.1934, 118.3785, 2475.4333, 2424.1383, 171.9511, 661.9319, 2452.5623, 352.3106)
,(2144.5789, 2411.1934, 118.3785, 2475.4333, 2424.1383, 171.9511, 661.9319, 2452.5623, 352.1438)
,(2144.5789, 2411.1934, 118.3785, 2475.4333, 2424.1383, 171.9511, 686.7393, 2452.5623, 352.1438)
,(2144.5789, 2405.3106, 118.3785, 2475.4333, 2424.1383, 171.9511, 686.7393, 2452.5623, 352.1438)
,(2144.5789, 2405.3106, 118.3785, 2475.4333, 2424.1383, 171.9511, 686.7393, 2452.5623, 352.1438)
,(2144.5789, 2405.3106, 118.3785, 2475.4333, 2424.1383, 171.9511, 686.7393, 2452.5623, 352.1438)
,(2144.5789, 2405.3106, 118.3785, 2475.4333, 2424.1383, 171.9511, 686.7393, 2452.5623, 352.1438)
,(2144.5789, 2405.3106, 118.3785, 2475.4333, 2424.1383, 171.9511, 698.258, 2451.2737, 352.2992)
,(2184.4418, 2405.3106, 118.3785, 2475.4333, 2424.1383, 171.9511, 698.258, 2451.2737, 352.2992)
,(2184.4418, 2405.3106, 118.639, 2475.4333, 2424.1383, 171.9511, 698.258, 2451.2737, 352.2992)
,(2184.4418, 2403.6591, 118.639, 2475.4333, 2424.1383, 171.9511, 698.258, 2451.2737, 352.2992)
,(2184.4418, 2403.6591, 118.639, 2475.4333, 2424.1383, 171.9511, 698.258, 2451.2737, 352.2992)
,(2184.4418, 2403.6591, 118.639, 2475.4333, 2424.1383, 171.9511, 698.258, 2451.2737, 352.2992)
,(2184.4418, 2403.6591, 118.639, 2475.4333, 2424.1383, 171.9511, 698.258, 2451.2737, 352.2992)
,(2184.4418, 2403.6591, 118.639, 2475.4333, 2424.1383, 171.9511, 698.258, 2449.8613, 352.4618)
,(2184.4418, 2403.6591, 118.639, 2475.4333, 2424.1383, 171.9511, 698.258, 2449.8613, 352.4618)
,(2205.9777, 2403.6591, 118.4442, 2475.4333, 2424.1383, 171.9511, 712.0292, 2449.8613, 352.4618)
,(2205.9777, 2401.6235, 118.4442, 2475.4333, 2424.1383, 171.9511, 712.0292, 2449.8613, 352.4618)
,(2205.9777, 2401.6235, 118.4442, 2475.4333, 2424.1383, 171.9511, 712.0292, 2448.328, 352.4618)
,(2205.9777, 2401.6235, 118.4442, 2475.4333, 2424.1383, 171.9511, 712.0292, 2448.328, 352.4618)
,(2205.9777, 2401.6235, 118.4442, 2475.4333, 2424.1383, 171.9511, 712.0292, 2448.328, 352.2796)
,(2205.9777, 2401.6235, 118.4442, 2475.4333, 2424.1383, 171.9511, 712.0292, 2448.328, 352.2796)
,(2205.9777, 2401.6235, 118.4442, 2475.4333, 2424.1383, 171.9511, 712.0292, 2448.328, 352.2796)
,(2222.4052, 2401.6235, 118.4442, 2475.4333, 2424.1383, 171.9511, 712.0292, 2448.328, 352.2796)
,(2222.4052, 2401.6235, 119.1337, 2475.4333, 2424.1383, 171.9511, 723.951, 2448.328, 352.2796)
,(2222.4052, 2399.6441, 119.1337, 2475.4333, 2424.1383, 171.9511, 723.951, 2448.328, 352.2796)
,(2222.4052, 2399.6441, 119.1337, 2475.4333, 2424.1383, 171.9511, 723.951, 2445.3764, 352.5353)
,(2222.4052, 2399.6441, 119.1337, 2475.4333, 2424.1383, 171.9511, 723.951, 2445.3764, 352.5353)
,(2222.4052, 2399.6441, 118.5967, 2475.4333, 2424.1383, 171.9511, 723.951, 2445.3764, 352.5353)
,(2222.4052, 2399.6441, 118.5967, 2475.4333, 2424.1383, 171.9511, 723.951, 2445.3764, 352.5353)
,(2222.4052, 2399.6441, 118.5967, 2475.4333, 2424.1383, 171.9511, 723.951, 2445.3764, 352.5353)
,(2222.4052, 2399.6441, 118.5967, 2475.4333, 2424.1383, 171.9511, 723.951, 2445.3764, 352.5353)
,(2238.2269, 2399.6441, 118.5967, 2475.4333, 2424.1383, 171.9511, 735.1812, 2444.0708, 352.5767)
,(2238.2269, 2399.6441, 118.5967, 2475.4333, 2424.1383, 171.9511, 735.1812, 2444.0708, 352.5767)
,(2238.2269, 2399.6441, 118.5967, 2475.4333, 2424.1383, 171.9511, 735.1812, 2444.0708, 352.5767)
,(2238.2269, 2397.4435, 118.5967, 2475.4333, 2424.1383, 171.9511, 735.1812, 2444.0708, 352.5767)
,(2238.2269, 2397.4435, 118.5967, 2475.4333, 2424.1383, 171.9511, 735.1812, 2444.0708, 352.5767)
,(2238.2269, 2397.4435, 118.7069, 2475.4333, 2424.1383, 171.9511, 735.1812, 2444.0708, 352.5767)
,(2238.2269, 2396.6606, 118.7069, 2475.4333, 2424.1383, 171.9511, 735.1812, 2444.0708, 352.6056)
,(2238.2269, 2396.6606, 118.7069, 2475.4333, 2424.1383, 171.9511, 735.1812, 2444.0708, 352.6056)
,(2255.9807, 2396.6606, 118.7069, 2475.4333, 2424.1383, 171.9511, 758.5813, 2444.0708, 352.6056)
,(2255.9807, 2396.6606, 118.7069, 2475.4333, 2424.1383, 171.9511, 758.5813, 2444.0708, 352.6056)
,(2255.9807, 2396.6606, 118.7069, 2475.4333, 2424.1383, 171.9511, 758.5813, 2442.6093, 352.6056)
,(2255.9807, 2396.6606, 118.7069, 2475.4333, 2424.1383, 171.9511, 758.5813, 2442.6093, 352.6056)
,(2255.9807, 2396.6606, 118.7069, 2475.4333, 2424.1383, 171.9511, 758.5813, 2442.6093, 352.5378)
,(2255.9807, 2396.6606, 118.7069, 2475.4333, 2424.1383, 171.9511, 758.5813, 2442.6093, 352.5378)
,(2255.9807, 2396.6606, 118.6282, 2475.4333, 2424.1383, 171.9511, 758.5813, 2442.6093, 352.5378)
,(2255.9807, 2396.6606, 118.6282, 2475.4333, 2424.1383, 171.9511, 758.5813, 2442.6093, 352.5378)
,(2255.9807, 2396.6606, 118.6282, 2475.4333, 2424.1383, 171.9511, 758.5813, 2442.6093, 352.5378)
,(2255.9807, 2396.6606, 118.6282, 2475.4333, 2424.1383, 171.9511, 758.5813, 2442.6093, 352.5378)
,(2255.9807, 2396.6606, 118.6282, 2475.4333, 2424.1383, 171.9511, 770.4899, 2441.3571, 352.5378)
,(2255.9807, 2396.6606, 118.6282, 2475.4333, 2424.1383, 171.9511, 770.4899, 2441.3571, 352.5011)
,(2255.9807, 2396.6606, 118.6282, 2475.4333, 2424.1383, 171.9511, 770.4899, 2441.3571, 352.5011)
,(2255.9807, 2396.6606, 118.6282, 2475.4333, 2424.1383, 171.9511, 770.4899, 2441.3571, 352.5011)
,(2255.9807, 2396.6606, 118.6282, 2475.4333, 2424.1383, 171.9511, 770.4899, 2441.3571, 352.5011)
,(2255.9807, 2396.6606, 118.6282, 2475.4333, 2424.1383, 171.9511, 770.4899, 2441.3571, 352.5011)
,(2255.9807, 2396.6606, 118.6282, 2475.4333, 2424.1383, 171.9511, 770.4899, 2441.3571, 352.7951)
,(2255.9807, 2396.6606, 118.6282, 2475.4333, 2424.1383, 171.9511, 770.4899, 2441.3571, 352.7951)
,(2255.9807, 2396.6606, 118.6282, 2475.4333, 2424.1383, 171.9511, 793.9718, 2438.3855, 352.7951)
,(2255.9807, 2396.6606, 118.6282, 2475.4333, 2424.1383, 171.9511, 793.9718, 2438.3855, 352.7951)
,(2255.9807, 2396.6606, 118.6282, 2475.4333, 2424.1383, 171.9511, 793.9718, 2438.3855, 352.7951)
,(2255.9807, 2396.6606, 118.6282, 2475.4333, 2424.1383, 171.9511, 793.9718, 2438.3855, 352.7951)
,(2255.9807, 2396.6606, 118.6282, 2475.4333, 2424.1383, 171.9511, 793.9718, 2438.3855, 352.7477)
,(2255.9807, 2396.6606, 118.6282, 2475.4333, 2424.1383, 171.9511, 793.9718, 2438.3855, 352.7477)
,(2255.9807, 2396.6606, 118.6282, 2475.4333, 2424.1383, 171.9511, 793.9718, 2438.3855, 352.7477)
,(2255.9807, 2396.6606, 118.6282, 2475.4333, 2424.1383, 171.9511, 793.9718, 2438.3855, 352.7477)
,(2255.9807, 2396.6606, 118.6282, 2475.4333, 2424.1383, 171.9511, 793.9718, 2436.7626, 352.7477)
,(2255.9807, 2396.6606, 118.6282, 2475.4333, 2424.1383, 171.9511, 793.9718, 2436.7626, 352.7477)
,(2255.9807, 2396.6606, 118.6282, 2475.4333, 2424.1383, 171.9511, 805.86, 2436.7626, 352.7477)
,(2255.9807, 2396.6606, 118.6282, 2475.4333, 2424.1383, 171.9511, 805.86, 2436.7626, 352.7314)
,(2255.9807, 2396.6606, 118.6282, 2475.4333, 2424.1383, 171.9511, 805.86, 2436.7626, 352.7314)
,(2255.9807, 2396.6606, 118.6282, 2475.4333, 2424.1383, 171.9511, 805.86, 2436.7626, 352.7314)
,(2255.9807, 2396.6606, 118.6282, 2475.4333, 2424.1383, 171.9511, 805.86, 2436.7626, 352.7314)
,(2255.9807, 2396.6606, 118.6282, 2475.4333, 2424.1383, 171.9511, 805.86, 2436.7626, 352.7314)
,(2255.9807, 2396.6606, 118.6282, 2475.4333, 2424.1383, 171.9511, 805.86, 2436.7626, 352.7314)
,(2255.9807, 2396.6606, 118.6282, 2475.4333, 2424.1383, 171.9511, 805.86, 2434.4385, 352.8754)
,(2255.9807, 2396.6606, 118.6282, 2475.4333, 2424.1383, 171.9511, 805.86, 2434.4385, 352.8754)
,(2255.9807, 2396.6606, 118.6282, 2475.4333, 2424.1383, 171.9511, 828.6675, 2434.4385, 352.8754)
,(2255.9807, 2396.6606, 118.6282, 2475.4333, 2424.1383, 171.9511, 828.6675, 2434.4385, 352.8754)
,(2255.9807, 2396.6606, 118.6282, 2475.4333, 2424.1383, 171.9511, 828.6675, 2434.4385, 352.8754)
,(2255.9807, 2396.6606, 118.6282, 2475.4333, 2424.1383, 171.9511, 828.6675, 2433.1913, 352.8897)
,(2255.9807, 2396.6606, 118.6282, 2475.4333, 2424.1383, 171.9511, 828.6675, 2433.1913, 352.8897)
,(2255.9807, 2396.6606, 118.6282, 2475.4333, 2424.1383, 171.9511, 828.6675, 2433.1913, 352.8897)
,(2255.9807, 2396.6606, 118.6282, 2475.4333, 2424.1383, 171.9511, 828.6675, 2433.1913, 352.8897)
,(2255.9807, 2396.6606, 118.6282, 2475.4333, 2424.1383, 171.9511, 828.6675, 2433.1913, 352.8897)
,(2255.9807, 2396.6606, 118.6282, 2475.4333, 2424.1383, 171.9511, 828.6675, 2433.1913, 352.8897)
,(2255.9807, 2404.6321, 118.6282, 2475.4333, 2424.1383, 171.9511, 840.325, 2433.1913, 352.8897)
,(2255.9807, 2404.6321, 118.6282, 2475.4333, 2424.1383, 171.9511, 840.325, 2432.158, 352.6408)
,(2255.9807, 2404.6321, 118.6282, 2475.4333, 2424.1383, 171.9511, 840.325, 2432.158, 352.6408)
,(2255.9807, 2404.6321, 118.6282, 2475.4333, 2424.1383, 171.9511, 840.325, 2432.158, 352.6408)
,(2255.9807, 2404.6321, 118.6282, 2475.4333, 2424.1383, 171.9511, 840.325, 2432.158, 352.6408)
,(2202.2636, 2404.6321, 118.6282, 2475.4333, 2424.1383, 171.9511, 851.8972, 2432.158, 352.6408)
,(2202.2636, 2404.6321, 118.6282, 2475.4333, 2424.1383, 171.9511, 851.8972, 2431.0725, 352.4849)
,(2202.2636, 2404.6321, 118.6282, 2475.4333, 2424.1383, 171.9511, 851.8972, 2431.0725, 352.4849)
,(2202.2636, 2404.6321, 118.5738, 2475.4333, 2424.1383, 171.9511, 851.8972, 2431.0725, 352.4849)
,(2202.2636, 2404.6321, 118.5738, 2475.4333, 2424.1383, 171.9511, 851.8972, 2431.0725, 352.4849)
,(2202.2636, 2406.0481, 118.5738, 2475.4333, 2424.1383, 171.9511, 851.8972, 2431.0725, 352.4849)
,(2202.2636, 2406.0481, 118.5738, 2475.4333, 2424.1383, 171.9511, 851.8972, 2431.0725, 352.4849)
,(2202.2636, 2406.0481, 118.5738, 2475.4333, 2424.1383, 171.9511, 851.8972, 2429.5881, 352.6683)
,(2202.2636, 2406.0481, 118.5738, 2475.4333, 2424.1383, 171.9511, 851.8972, 2429.5881, 352.6683)
,(2202.2636, 2406.0481, 118.5738, 2475.4333, 2424.1383, 171.9511, 874.9963, 2429.5881, 352.6683)
,(2166.5254, 2406.0481, 118.5738, 2475.4333, 2424.1383, 171.9511, 874.9963, 2429.5881, 352.6683)
,(2166.5254, 2408.1836, 118.5738, 2475.4333, 2424.1383, 171.9511, 874.9963, 2429.5881, 352.6683)
,(2166.5254, 2408.1836, 118.5738, 2475.4333, 2424.1383, 171.9511, 874.9963, 2428.2835, 352.5682)
,(2166.5254, 2408.1836, 118.5738, 2475.4333, 2424.1383, 171.9511, 874.9963, 2428.2835, 352.5682)
,(2150.9328, 2408.1836, 118.3243, 2475.4333, 2424.1383, 171.9511, 874.9963, 2428.2835, 352.5682)
,(2150.9328, 2408.1836, 118.3243, 2475.4333, 2424.1383, 171.9511, 874.9963, 2428.2835, 352.5682)
,(2150.9328, 2408.1836, 118.3243, 2475.4333, 2424.1383, 171.9511, 874.9963, 2428.2835, 352.5682)
,(2150.9328, 2408.1836, 118.3243, 2475.4333, 2424.1383, 171.9511, 874.9963, 2428.2835, 352.5682)
,(2150.9328, 2408.1836, 118.3243, 2475.4333, 2424.1383, 171.9511, 874.9963, 2428.2835, 352.6434)
,(2150.9328, 2408.1836, 118.3243, 2475.4333, 2424.1383, 171.9511, 896.6725, 2427.1564, 352.6434)
,(2150.9328, 2408.8278, 118.3243, 2475.4333, 2424.1383, 171.9511, 896.6725, 2427.1564, 352.6434)
,(2150.9328, 2408.8278, 118.3243, 2475.4333, 2424.1383, 171.9511, 896.6725, 2427.1564, 352.6434)
,(2150.9328, 2408.8278, 118.3243, 2475.4333, 2424.1383, 171.9511, 896.6725, 2427.1564, 352.6434)
,(2139.9486, 2408.8278, 118.3243, 2475.4333, 2424.1383, 171.9511, 896.6725, 2427.1564, 352.6434)
,(2139.9486, 2408.8278, 118.0364, 2475.4333, 2424.1383, 171.9511, 896.6725, 2427.1564, 352.6434)
,(2139.9486, 2408.8278, 118.0364, 2475.4333, 2424.1383, 171.9511, 896.6725, 2427.1564, 352.6434)
,(2139.9486, 2408.8278, 118.0364, 2475.4333, 2424.1383, 171.9511, 896.6725, 2427.1564, 352.6005)
,(2139.9486, 2408.8278, 118.0364, 2475.4333, 2424.1383, 171.9511, 896.6725, 2427.1564, 352.6005)
,(2139.9486, 2409.0877, 118.0364, 2475.4333, 2424.1383, 171.9511, 896.6725, 2427.1564, 352.6005)
,(2139.9486, 2409.0877, 118.0364, 2475.4333, 2424.1383, 171.9511, 908.322, 2427.1564, 352.6005)
,(2139.9486, 2409.0877, 118.0364, 2475.4333, 2424.1383, 171.9511, 908.322, 2425.7979, 352.6005)
,(2139.9486, 2411.0079, 118.0364, 2475.4333, 2424.1383, 171.9511, 908.322, 2425.7979, 352.6005)
,(2139.9486, 2411.0079, 118.0364, 2475.4333, 2424.1383, 171.9511, 908.322, 2425.7979, 352.6005)
,(2139.9486, 2411.0079, 118.0364, 2475.4333, 2424.1383, 171.9511, 908.322, 2425.7979, 352.6005)
,(2115.8342, 2411.0079, 118.2793, 2475.4333, 2424.1383, 171.9511, 908.322, 2425.7979, 352.6005)
,(2115.8342, 2411.0079, 118.2793, 2475.4333, 2424.1383, 171.9511, 908.322, 2425.7979, 352.7253)
,(2115.8342, 2411.0079, 118.2793, 2475.4333, 2424.1383, 171.9511, 908.322, 2425.7979, 352.7253)
,(2115.8342, 2411.9072, 118.2793, 2475.4333, 2424.1383, 171.9511, 908.322, 2425.7979, 352.7253)
,(2115.8342, 2411.9072, 118.2793, 2475.4333, 2424.1383, 171.9511, 908.322, 2422.7889, 352.7995)
,(2110.5926, 2411.9072, 118.2793, 2475.4333, 2424.1383, 171.9511, 908.322, 2422.7889, 352.7995)
,(2110.5926, 2411.9072, 118.2793, 2475.4333, 2424.1383, 171.9511, 908.322, 2422.7889, 352.7995)
,(2110.5926, 2411.9072, 118.2793, 2475.4333, 2424.1383, 171.9511, 933.9817, 2422.7889, 352.7995)
,(2110.5926, 2411.9072, 118.2793, 2475.4333, 2424.1383, 171.9511, 933.9817, 2422.7889, 352.7995)
,(2110.5926, 2411.3622, 118.2793, 2475.4333, 2424.1383, 171.9511, 933.9817, 2422.7889, 352.7995)
,(2110.5926, 2411.3622, 118.2793, 2475.4333, 2424.1383, 171.9511, 933.9817, 2422.7889, 352.7995)
,(2110.5926, 2411.3622, 117.4085, 2475.4333, 2424.1383, 171.9511, 933.9817, 2422.7889, 352.7995)
,(2110.5926, 2411.3622, 117.4085, 2475.4333, 2424.1383, 171.9511, 933.9817, 2422.7889, 352.7995)
,(2110.5926, 2411.3622, 117.4085, 2475.4333, 2424.1383, 171.9511, 933.9817, 2421.1252, 352.7995)
,(2115.2542, 2411.3622, 117.4085, 2475.4333, 2424.1383, 171.9511, 933.9817, 2421.1252, 352.7995)
,(2115.2542, 2408.0887, 117.4085, 2475.4333, 2424.1383, 171.9511, 957.2426, 2421.1252, 353.0293)
,(2115.2542, 2408.0887, 117.4085, 2475.4333, 2424.1383, 171.9511, 957.2426, 2421.1252, 353.0293)
,(2115.2542, 2408.0887, 117.4085, 2475.4333, 2424.1383, 171.9511, 957.2426, 2421.1252, 353.0293)
,(2115.2542, 2408.0887, 117.4085, 2475.4333, 2424.1383, 171.9511, 957.2426, 2421.1252, 353.0293)
,(2115.2542, 2408.0887, 117.4085, 2475.4333, 2424.1383, 171.9511, 957.2426, 2419.8711, 353.0293)
,(2115.2542, 2408.0887, 116.9081, 2475.4333, 2424.1383, 171.9511, 957.2426, 2419.8711, 353.0293)
,(2115.2542, 2402.8783, 116.9081, 2475.4333, 2424.1383, 171.9511, 968.5485, 2419.8711, 353.0293)
,(2115.2542, 2402.8783, 116.9081, 2475.4333, 2424.1383, 171.9511, 968.5485, 2419.8711, 353.0293)
,(2115.2542, 2402.8783, 116.9081, 2475.4333, 2424.1383, 171.9511, 968.5485, 2419.8711, 352.9595)
,(2133.1949, 2402.8783, 116.9081, 2475.4333, 2424.1383, 171.9511, 968.5485, 2419.8711, 352.9595)
,(2133.1949, 2402.8783, 116.9081, 2475.4333, 2424.1383, 171.9511, 968.5485, 2419.8711, 352.9595)
,(2133.1949, 2402.8783, 116.9081, 2475.4333, 2424.1383, 171.9511, 968.5485, 2419.8711, 352.9595)
,(2133.1949, 2398.6144, 116.9081, 2475.4333, 2424.1383, 171.9511, 968.5485, 2419.8711, 352.9595)
,(2133.1949, 2398.6144, 116.9081, 2475.4333, 2424.1383, 171.9511, 968.5485, 2419.8711, 352.9595)
,(2133.1949, 2398.6144, 116.9081, 2475.4333, 2424.1383, 171.9511, 968.5485, 2417.0887, 352.9595)
,(2133.1949, 2398.6144, 115.654, 2475.4333, 2424.1383, 171.9511, 968.5485, 2417.0887, 352.9595)
,(2133.1949, 2398.6144, 115.654, 2475.4333, 2424.1383, 171.9511, 968.5485, 2417.0887, 352.9595)
,(2133.1949, 2398.6144, 115.654, 2475.4333, 2424.1383, 171.9511, 980.6007, 2417.0887, 352.9595)
,(2133.1949, 2398.6144, 115.654, 2475.4333, 2424.1383, 171.9511, 980.6007, 2417.0887, 352.9595)
,(2133.1949, 2395.9577, 115.654, 2475.4333, 2424.1383, 171.9511, 980.6007, 2417.0887, 352.956)
,(2164.1116, 2395.9577, 115.654, 2475.4333, 2424.1383, 171.9511, 980.6007, 2417.0887, 352.956)
,(2164.1116, 2395.9577, 115.654, 2475.4333, 2424.1383, 171.9511, 980.6007, 2417.0887, 352.956)
,(2164.1116, 2395.9577, 115.654, 2475.4333, 2424.1383, 171.9511, 980.6007, 2417.0887, 352.956)
,(2164.1116, 2395.9577, 115.654, 2475.4333, 2424.1383, 171.9511, 992.1908, 2415.7944, 352.956)
,(2164.1116, 2395.9577, 115.654, 2475.4333, 2424.1383, 171.9511, 992.1908, 2415.7944, 352.956)
,(2164.1116, 2393.7445, 115.654, 2475.4333, 2424.1383, 171.9511, 992.1908, 2414.4852, 352.956)
,(2164.1116, 2393.7445, 115.6098, 2475.4333, 2424.1383, 171.9511, 992.1908, 2414.4852, 352.956)
,(2164.1116, 2393.7445, 115.6098, 2475.4333, 2424.1383, 171.9511, 992.1908, 2414.4852, 352.956)
,(2164.1116, 2393.7445, 115.6098, 2475.4333, 2424.1383, 171.9511, 992.1908, 2414.4852, 352.956)
,(2164.1116, 2393.7445, 115.6098, 2475.4333, 2424.1383, 171.9511, 992.1908, 2414.4852, 352.956)
,(2181.9935, 2393.7445, 115.6098, 2475.4333, 2424.1383, 171.9511, 992.1908, 2414.4852, 352.9286)
,(2181.9935, 2391.367, 115.6098, 2475.4333, 2424.1383, 171.9511, 992.1908, 2414.4852, 352.9286)
,(2181.9935, 2391.367, 115.6098, 2475.4333, 2424.1383, 171.9511, 992.1908, 2414.4852, 352.9286)
,(2181.9935, 2391.367, 115.6098, 2475.4333, 2424.1383, 171.9511, 992.1908, 2414.4852, 352.9286)
,(2181.9935, 2391.367, 115.502, 2475.4333, 2424.1383, 171.9511, 1015.1683, 2414.4852, 352.9286)
,(2181.9935, 2391.367, 115.502, 2475.4333, 2424.1383, 171.9511, 1015.1683, 2413.3437, 352.9286)
,(2181.9935, 2391.367, 115.502, 2475.4333, 2424.1383, 171.9511, 1015.1683, 2413.3437, 352.9286)
,(2181.9935, 2389.9441, 115.502, 2475.4333, 2424.1383, 171.9511, 1015.1683, 2413.3437, 352.9286)
,(2217.3293, 2389.9441, 115.502, 2475.4333, 2424.1383, 171.9511, 1015.1683, 2413.3437, 352.9286)
,(2217.3293, 2389.9441, 115.502, 2475.4333, 2424.1383, 171.9511, 1015.1683, 2413.3437, 352.9286)
,(2217.3293, 2389.9441, 115.502, 2475.4333, 2424.1383, 171.9511, 1015.1683, 2413.3437, 352.9286)
,(2217.3293, 2389.9441, 115.502, 2475.4333, 2424.1383, 171.9511, 1015.1683, 2413.3437, 352.7034)
,(2217.3293, 2388.7811, 115.502, 2475.4333, 2424.1383, 171.9511, 1015.1683, 2413.3437, 352.7034)
,(2217.3293, 2388.7811, 115.502, 2475.4333, 2424.1383, 171.9511, 1015.1683, 2413.3437, 352.7034)
,(2217.3293, 2388.7811, 115.502, 2475.4333, 2424.1383, 171.9511, 1038.4469, 2413.3437, 352.7034)
,(2217.3293, 2388.7811, 115.9274, 2475.4333, 2424.1383, 171.9511, 1038.4469, 2411.1538, 352.7034)
,(2234.2982, 2388.7811, 115.9274, 2475.4333, 2424.1383, 171.9511, 1038.4469, 2411.1538, 352.7034)
,(2234.2982, 2388.7811, 115.9274, 2475.4333, 2424.1383, 171.9511, 1038.4469, 2411.1538, 352.7034)
,(2234.2982, 2388.7811, 115.9274, 2475.4333, 2424.1383, 171.9511, 1038.4469, 2411.1538, 352.7034)
,(2234.2982, 2388.7811, 115.9274, 2475.4333, 2424.1383, 171.9511, 1038.4469, 2411.1538, 352.7034)
,(2234.2982, 2388.7811, 115.9274, 2475.4333, 2424.1383, 171.9511, 1038.4469, 2411.1538, 352.7034)
,(2234.2982, 2387.2578, 115.9274, 2475.4333, 2424.1383, 171.9511, 1038.4469, 2411.1538, 353.0819)
,(2234.2982, 2387.2578, 115.9274, 2475.4333, 2424.1383, 171.9511, 1038.4469, 2411.1538, 353.0819)
,(2234.2982, 2387.2578, 115.9274, 2475.4333, 2424.1383, 171.9511, 1038.4469, 2411.1538, 353.0819)
,(2234.2982, 2387.2578, 115.9274, 2475.4333, 2424.1383, 171.9511, 1038.4469, 2411.1538, 353.0367)
,(2234.2982, 2387.2578, 115.9274, 2475.4333, 2424.1383, 171.9511, 1061.6742, 2411.1538, 353.0367)
,(2234.2982, 2387.2578, 116.3042, 2475.4333, 2424.1383, 171.9511, 1061.6742, 2411.1538, 353.0367)
,(2260.927, 2387.2578, 116.3042, 2475.4333, 2424.1383, 171.9511, 1061.6742, 2408.3729, 353.0367)
,(2260.927, 2387.2578, 116.3042, 2475.4333, 2424.1383, 171.9511, 1061.6742, 2408.3729, 353.0367)
,(2260.927, 2387.2578, 116.3042, 2475.4333, 2424.1383, 171.9511, 1061.6742, 2408.3729, 353.0367)
,(2260.927, 2387.2578, 116.3042, 2475.4333, 2424.1383, 171.9511, 1061.6742, 2408.3729, 353.0367)
,(2260.927, 2387.2578, 116.3042, 2475.4333, 2424.1383, 171.9511, 1061.6742, 2408.3729, 353.0367)
,(2260.927, 2387.2578, 116.3042, 2475.4333, 2424.1383, 171.9511, 1061.6742, 2408.3729, 353.0367)
,(2260.927, 2385.7911, 116.3042, 2475.4333, 2424.1383, 171.9511, 1061.6742, 2408.3729, 353.0367)
,(2260.927, 2385.7911, 115.5932, 2475.4333, 2424.1383, 171.9511, 1061.6742, 2407.1844, 353.0367)
,(2260.927, 2385.7911, 115.5932, 2475.4333, 2424.1383, 171.9511, 1061.6742, 2407.1844, 353.0367)
,(2263.9377, 2385.7911, 115.5932, 2475.4333, 2424.1383, 171.9511, 1061.6742, 2407.1844, 352.9154)
,(2263.9377, 2385.7911, 116.3344, 2475.4333, 2424.1383, 171.9511, 1084.8315, 2407.1844, 352.9154)
,(2263.9377, 2385.7911, 116.3344, 2475.4333, 2424.1383, 171.9511, 1084.8315, 2407.1844, 352.9154)
,(2263.9377, 2385.7911, 116.3344, 2475.4333, 2424.1383, 171.9511, 1084.8315, 2407.1844, 352.9154)
,(2263.9377, 2385.7911, 116.3344, 2475.4333, 2424.1383, 171.9511, 1084.8315, 2407.1844, 352.9154)
,(2263.9377, 2385.7911, 116.3344, 2475.4333, 2424.1383, 171.9511, 1084.8315, 2407.1844, 352.9154)
,(2263.9377, 2385.7911, 116.3344, 2475.4333, 2424.1383, 171.9511, 1084.8315, 2405.8514, 352.9154)
,(2263.9377, 2385.7911, 116.3344, 2475.4333, 2424.1383, 171.9511, 1084.8315, 2405.8514, 352.8874)
,(2263.9377, 2388.1366, 116.3344, 2475.4333, 2424.1383, 171.9511, 1084.8315, 2405.8514, 352.8874)
,(2263.9377, 2388.1366, 116.3344, 2475.4333, 2424.1383, 171.9511, 1084.8315, 2405.8514, 352.8874)
,(2263.9377, 2388.1366, 116.3344, 2475.4333, 2424.1383, 171.9511, 1084.8315, 2405.8514, 352.8874)
,(2263.9377, 2388.1366, 116.6409, 2475.4333, 2424.1383, 171.9511, 1084.8315, 2404.4569, 352.8874)
,(2250.9172, 2388.1366, 116.6409, 2475.4333, 2424.1383, 171.9511, 1084.8315, 2404.4569, 352.8874)
,(2250.9172, 2388.1366, 116.6409, 2475.4333, 2424.1383, 171.9511, 1084.8315, 2404.4569, 353.0029)
,(2250.9172, 2388.1366, 116.6409, 2475.4333, 2424.1383, 171.9511, 1108.7192, 2404.4569, 353.0029)
,(2250.9172, 2388.1366, 116.6409, 2475.4333, 2424.1383, 171.9511, 1108.7192, 2404.4569, 353.0029)
,(2250.9172, 2388.1366, 116.6409, 2475.4333, 2424.1383, 171.9511, 1108.7192, 2404.4569, 353.0029)
,(2239.7082, 2388.1366, 116.6409, 2475.4333, 2424.1383, 171.9511, 1108.7192, 2404.4569, 353.0029)
,(2239.7082, 2390.938, 116.6409, 2475.4333, 2424.1383, 171.9511, 1108.7192, 2404.4569, 353.0029)
,(2239.7082, 2390.938, 116.6409, 2475.4333, 2424.1383, 171.9511, 1108.7192, 2404.4569, 353.0884)
,(2239.7082, 2390.938, 116.6409, 2475.4333, 2424.1383, 171.9511, 1108.7192, 2404.4569, 353.0884)
,(2239.7082, 2390.938, 116.6409, 2475.4333, 2424.1383, 171.9511, 1108.7192, 2404.4569, 353.0884)
,(2239.7082, 2390.938, 116.6409, 2475.4333, 2424.1383, 171.9511, 1108.7192, 2401.4981, 353.0884)
,(2239.7082, 2390.938, 116.7224, 2475.4333, 2424.1383, 171.9511, 1108.7192, 2401.4981, 353.0884)
,(2239.7082, 2390.938, 116.7224, 2475.4333, 2424.1383, 171.9511, 1108.7192, 2401.4981, 353.0884)
,(2239.7082, 2390.938, 116.7224, 2475.4333, 2424.1383, 171.9511, 1122.2273, 2401.4981, 353.5202)
,(2239.7082, 2390.938, 116.7224, 2475.4333, 2424.1383, 171.9511, 1122.2273, 2401.4981, 353.5202)
,(2239.7082, 2390.938, 116.7224, 2475.4333, 2424.1383, 171.9511, 1122.2273, 2399.8551, 353.5202)
,(2200.5303, 2396.0919, 116.7224, 2475.4333, 2424.1383, 171.9511, 1122.2273, 2399.8551, 353.5202)
,(2200.5303, 2396.0919, 116.7224, 2475.4333, 2424.1383, 171.9511, 1122.2273, 2399.8551, 353.5202)
,(2200.5303, 2396.0919, 116.7224, 2475.4333, 2424.1383, 171.9511, 1122.2273, 2399.8551, 353.5202)
,(2200.5303, 2396.0919, 116.7224, 2475.4333, 2424.1383, 171.9511, 1122.2273, 2399.8551, 353.6427)
,(2200.5303, 2396.0919, 116.7224, 2475.4333, 2424.1383, 171.9511, 1122.2273, 2399.8551, 353.6427)
,(2200.5303, 2396.0919, 116.7224, 2475.4333, 2424.1383, 171.9511, 1122.2273, 2399.8551, 353.6427)
,(2200.5303, 2396.0919, 117.306, 2475.4333, 2424.1383, 171.9511, 1122.2273, 2399.8551, 353.6427)
,(2200.5303, 2396.0919, 117.306, 2475.4333, 2424.1383, 171.9511, 1122.2273, 2399.8551, 353.6427)
,(2200.5303, 2396.0919, 117.306, 2475.4333, 2424.1383, 171.9511, 1122.2273, 2399.8551, 353.6427)
,(2200.5303, 2396.0919, 117.306, 2475.4333, 2424.1383, 171.9511, 1145.4537, 2399.8551, 353.6427)
,(2200.5303, 2396.0919, 117.306, 2475.4333, 2424.1383, 171.9511, 1145.4537, 2399.8551, 353.2924)
,(2200.5303, 2396.0919, 117.306, 2475.4333, 2424.1383, 171.9511, 1145.4537, 2397.6457, 353.2924)
,(2200.5303, 2396.0919, 117.306, 2475.4333, 2424.1383, 171.9511, 1145.4537, 2397.6457, 353.2924)
,(2162.1079, 2400.2814, 117.306, 2475.4333, 2424.1383, 171.9511, 1145.4537, 2397.6457, 353.2924)
,(2162.1079, 2400.2814, 117.306, 2475.4333, 2424.1383, 171.9511, 1145.4537, 2397.6457, 353.2924)
,(2162.1079, 2400.2814, 117.306, 2475.4333, 2424.1383, 171.9511, 1145.4537, 2397.6457, 353.2924)
,(2162.1079, 2400.2814, 117.306, 2475.4333, 2424.1383, 171.9511, 1145.4537, 2397.6457, 353.6855)
,(2162.1079, 2400.2814, 117.306, 2475.4333, 2424.1383, 171.9511, 1145.4537, 2397.6457, 353.6855)
,(2162.1079, 2400.2814, 116.32, 2475.4333, 2424.1383, 171.9511, 1145.4537, 2397.6457, 353.6855)
,(2162.1079, 2400.2814, 116.32, 2475.4333, 2424.1383, 171.9511, 1145.4537, 2395.9906, 353.6855)
,(2162.1079, 2400.2814, 116.32, 2475.4333, 2424.1383, 171.9511, 1145.4537, 2395.9906, 353.6855)
,(2162.1079, 2400.2814, 116.32, 2475.4333, 2424.1383, 171.9511, 1170.4886, 2395.9906, 353.6855)
,(2162.1079, 2400.2814, 116.32, 2475.4333, 2424.1383, 171.9511, 1170.4886, 2395.9906, 353.6855)
,(2162.1079, 2400.2814, 115.8959, 2475.4333, 2424.1383, 171.9511, 1170.4886, 2395.9906, 353.6855)
,(2162.1079, 2401.7799, 115.8959, 2475.4333, 2424.1383, 171.9511, 1170.4886, 2395.9906, 353.6855)
,(2130.0638, 2401.7799, 115.8959, 2475.4333, 2424.1383, 171.9511, 1170.4886, 2395.9906, 353.6855)
,(2130.0638, 2401.7799, 115.8959, 2475.4333, 2424.1383, 171.9511, 1170.4886, 2395.9906, 353.5663)
,(2130.0638, 2401.7799, 115.8959, 2475.4333, 2424.1383, 171.9511, 1170.4886, 2395.9906, 353.5663)
,(2130.0638, 2401.7799, 115.8959, 2475.4333, 2424.1383, 171.9511, 1170.4886, 2395.9906, 353.5663)
,(2130.0638, 2401.7799, 115.8959, 2475.4333, 2424.1383, 171.9511, 1170.4886, 2395.9906, 353.5663)
,(2130.0638, 2401.7799, 115.8959, 2475.4333, 2424.1383, 171.9511, 1170.4886, 2395.9906, 353.5663)
,(2130.0638, 2401.7799, 115.9996, 2475.4333, 2424.1383, 171.9511, 1170.4886, 2395.9906, 353.5663)
,(2130.0638, 2403.6915, 115.9996, 2475.4333, 2424.1383, 171.9511, 1170.4886, 2395.9906, 353.5663)
,(2130.0638, 2403.6915, 115.9996, 2475.4333, 2424.1383, 171.9511, 1193.1717, 2394.3956, 353.5663)
,(2130.0638, 2403.6915, 115.9996, 2475.4333, 2424.1383, 171.9511, 1193.1717, 2394.3956, 353.5663)
,(2107.9013, 2403.6915, 115.9996, 2475.4333, 2424.1383, 171.9511, 1193.1717, 2394.3956, 353.5186)
,(2107.9013, 2403.6915, 115.9996, 2475.4333, 2424.1383, 171.9511, 1193.1717, 2394.3956, 353.5186)
,(2107.9013, 2403.6915, 115.9996, 2475.4333, 2424.1383, 171.9511, 1193.1717, 2394.3956, 353.5186)
,(2107.9013, 2403.6915, 115.9996, 2475.4333, 2424.1383, 171.9511, 1193.1717, 2394.3956, 353.5186)
,(2107.9013, 2403.6915, 115.9996, 2475.4333, 2424.1383, 171.9511, 1193.1717, 2394.3956, 353.5186)
,(2107.9013, 2403.6915, 115.9996, 2475.4333, 2424.1383, 171.9511, 1193.1717, 2394.3956, 353.5186)
,(2107.9013, 2403.6915, 115.9996, 2475.4333, 2424.1383, 171.9511, 1193.1717, 2394.3956, 353.5186)
,(2107.9013, 2403.6915, 115.9996, 2475.4333, 2424.1383, 171.9511, 1216.4329, 2394.3956, 353.5186)
,(2107.9013, 2403.6915, 116.9112, 2475.4333, 2424.1383, 171.9511, 1216.4329, 2392.3674, 353.5186)
,(2107.9013, 2407.0921, 116.9112, 2475.4333, 2424.1383, 171.9511, 1216.4329, 2392.3674, 353.5186)
,(2105.1259, 2407.0921, 116.9112, 2475.4333, 2424.1383, 171.9511, 1216.4329, 2392.3674, 353.7374)
,(2105.1259, 2407.0921, 116.9112, 2475.4333, 2424.1383, 171.9511, 1216.4329, 2391.3341, 353.7374)
,(2105.1259, 2407.0921, 116.9112, 2475.4333, 2424.1383, 171.9511, 1216.4329, 2391.3341, 353.7374)
,(2105.1259, 2407.0921, 116.9112, 2475.4333, 2424.1383, 171.9511, 1216.4329, 2391.3341, 353.7374)
,(2105.1259, 2407.0921, 116.9112, 2475.4333, 2424.1383, 171.9511, 1216.4329, 2391.3341, 353.7374)
,(2105.1259, 2407.0921, 116.9112, 2475.4333, 2424.1383, 171.9511, 1216.4329, 2391.3341, 353.7374)
,(2105.1259, 2407.0921, 116.9112, 2475.4333, 2424.1383, 171.9511, 1216.4329, 2391.3341, 353.7374)
,(2105.1259, 2407.0921, 116.9112, 2475.4333, 2424.1383, 171.9511, 1216.4329, 2391.3341, 353.7374)
,(2105.1259, 2407.0921, 116.9112, 2475.4333, 2424.1383, 171.9511, 1216.4329, 2391.3341, 353.9869)
,(2105.1259, 2407.0921, 116.9112, 2475.4333, 2424.1383, 171.9511, 1216.4329, 2391.3341, 353.9869)
,(2105.1259, 2407.0921, 116.9112, 2475.4333, 2424.1383, 171.9511, 1216.4329, 2391.3341, 353.9869)
,(2118.5341, 2407.0921, 114.9129, 2475.4333, 2424.1383, 171.9511, 1239.6362, 2391.3341, 353.9869)
,(2118.5341, 2401.7901, 114.9129, 2475.4333, 2424.1383, 171.9511, 1239.6362, 2391.3341, 353.9869)
,(2118.5341, 2401.7901, 114.9129, 2475.4333, 2424.1383, 171.9511, 1239.6362, 2391.3341, 353.9869)
,(2118.5341, 2401.7901, 114.9129, 2475.4333, 2424.1383, 171.9511, 1239.6362, 2391.3341, 353.9869)
,(2118.5341, 2401.7901, 114.9129, 2475.4333, 2424.1383, 171.9511, 1239.6362, 2389.0209, 353.9886)
,(2118.5341, 2401.7901, 114.9129, 2475.4333, 2424.1383, 171.9511, 1239.6362, 2389.0209, 353.9886)
,(2118.5341, 2401.7901, 114.9129, 2475.4333, 2424.1383, 171.9511, 1239.6362, 2389.0209, 353.9886)
,(2118.5341, 2401.7901, 114.9129, 2475.4333, 2424.1383, 171.9511, 1239.6362, 2389.0209, 353.9886)
,(2118.5341, 2401.7901, 114.9129, 2475.4333, 2424.1383, 171.9511, 1239.6362, 2389.0209, 353.9886)
,(2118.5341, 2401.7901, 114.9129, 2475.4333, 2424.1383, 171.9511, 1239.6362, 2389.0209, 353.9886)
,(2118.5341, 2401.7901, 114.9129, 2475.4333, 2424.1383, 171.9511, 1239.6362, 2389.0209, 353.9886)
,(2118.5341, 2401.7901, 114.9129, 2475.4333, 2424.1383, 171.9511, 1239.6362, 2389.0209, 353.9886)
,(2144.6865, 2401.7901, 113.9837, 2475.4333, 2424.1383, 171.9511, 1263.1673, 2389.0209, 353.9886)
,(2144.6865, 2393.7447, 113.9837, 2475.4333, 2424.1383, 171.9511, 1263.1673, 2389.0209, 353.9886)
,(2144.6865, 2393.7447, 113.9837, 2475.4333, 2424.1383, 171.9511, 1263.1673, 2386.7297, 353.9886)
,(2144.6865, 2393.7447, 113.9837, 2475.4333, 2424.1383, 171.9511, 1263.1673, 2386.7297, 354.0891)
,(2144.6865, 2393.7447, 113.9837, 2475.4333, 2424.1383, 171.9511, 1263.1673, 2386.7297, 354.0891)
,(2144.6865, 2393.7447, 113.9837, 2475.4333, 2424.1383, 171.9511, 1263.1673, 2386.7297, 354.0891)
,(2144.6865, 2393.7447, 113.9837, 2475.4333, 2424.1383, 171.9511, 1263.1673, 2386.7297, 354.0891)
,(2161.0479, 2393.7447, 113.9837, 2475.4333, 2424.1383, 171.9511, 1263.1673, 2386.7297, 354.0891)
,(2161.0479, 2393.7447, 113.9837, 2475.4333, 2424.1383, 171.9511, 1263.1673, 2386.7297, 354.0891)
,(2161.0479, 2393.7447, 113.9837, 2475.4333, 2424.1383, 171.9511, 1263.1673, 2386.7297, 354.0891)
,(2161.0479, 2387.5606, 113.9837, 2475.4333, 2424.1383, 171.9511, 1287.5654, 2386.7297, 354.0891)
,(2161.0479, 2387.5606, 113.9837, 2475.4333, 2424.1383, 171.9511, 1287.5654, 2386.7297, 354.0891)
,(2161.0479, 2387.5606, 113.9837, 2475.4333, 2424.1383, 171.9511, 1287.5654, 2386.7297, 354.0891)
,(2161.0479, 2387.5606, 113.9837, 2475.4333, 2424.1383, 171.9511, 1287.5654, 2386.7297, 354.0891)
,(2161.0479, 2387.5606, 114.6429, 2475.4333, 2424.1383, 171.9511, 1287.5654, 2385.5755, 354.0891)
,(2161.0479, 2387.5606, 114.6429, 2475.4333, 2424.1383, 171.9511, 1287.5654, 2385.5755, 354.5984)
,(2197.145, 2387.5606, 114.6429, 2475.4333, 2424.1383, 171.9511, 1287.5654, 2385.5755, 354.5984)
,(2197.145, 2387.5606, 114.6429, 2475.4333, 2424.1383, 171.9511, 1287.5654, 2385.5755, 354.5984)
,(2197.145, 2387.5606, 114.6429, 2475.4333, 2424.1383, 171.9511, 1287.5654, 2385.5755, 354.5984)
,(2197.145, 2387.5606, 114.6429, 2475.4333, 2424.1383, 171.9511, 1287.5654, 2385.5755, 354.5984)
,(2197.145, 2387.5606, 114.6429, 2475.4333, 2424.1383, 171.9511, 1299.1967, 2385.5755, 354.5984)
,(2197.145, 2387.5606, 114.6429, 2475.4333, 2424.1383, 171.9511, 1299.1967, 2385.5755, 354.5984)
,(2197.145, 2387.5606, 114.6429, 2475.4333, 2424.1383, 171.9511, 1299.1967, 2385.5755, 354.5984)
,(2197.145, 2383.3816, 114.6429, 2475.4333, 2424.1383, 171.9511, 1299.1967, 2382.8611, 354.5984)
,(2197.145, 2383.3816, 114.6429, 2475.4333, 2424.1383, 171.9511, 1299.1967, 2382.8611, 354.5984)
,(2197.145, 2383.3816, 114.6429, 2475.4333, 2424.1383, 171.9511, 1299.1967, 2382.8611, 354.5984)
,(2214.0424, 2383.3816, 114.6429, 2475.4333, 2424.1383, 171.9511, 1299.1967, 2382.8611, 354.5984)
,(2214.0424, 2383.3816, 114.6429, 2475.4333, 2424.1383, 171.9511, 1299.1967, 2382.8611, 354.5984)
,(2214.0424, 2383.3816, 114.9933, 2475.4333, 2424.1383, 171.9511, 1299.1967, 2382.8611, 355.0453)
,(2214.0424, 2383.3816, 114.9933, 2475.4333, 2424.1383, 171.9511, 1299.1967, 2382.8611, 355.0453)
,(2214.0424, 2382.4253, 114.9933, 2475.4333, 2424.1383, 171.9511, 1299.1967, 2382.8611, 355.0453)
,(2214.0424, 2382.4253, 114.9933, 2475.4333, 2424.1383, 171.9511, 1299.1967, 2381.8934, 355.0453)
,(2214.0424, 2382.4253, 114.9933, 2475.4333, 2424.1383, 171.9511, 1334.5194, 2381.8934, 355.0453)
,(2214.0424, 2382.4253, 114.9933, 2475.4333, 2424.1383, 171.9511, 1334.5194, 2381.8934, 355.0453)
,(2214.0424, 2382.4253, 114.9933, 2475.4333, 2424.1383, 171.9511, 1334.5194, 2381.8934, 355.0453)
,(2214.0424, 2382.4253, 114.9933, 2475.4333, 2424.1383, 171.9511, 1334.5194, 2381.8934, 355.0453)
,(2214.0424, 2382.4253, 114.9933, 2475.4333, 2424.1383, 171.9511, 1334.5194, 2381.8934, 355.0453)
,(2214.0424, 2382.4253, 114.9933, 2475.4333, 2424.1383, 171.9511, 1334.5194, 2381.8934, 355.0453)
,(2251.0877, 2382.4253, 114.9933, 2475.4333, 2424.1383, 171.9511, 1334.5194, 2381.8934, 355.0453)
,(2251.0877, 2382.4253, 114.8143, 2475.4333, 2424.1383, 171.9511, 1334.5194, 2381.8934, 355.0453)
,(2251.0877, 2382.4253, 114.8143, 2475.4333, 2424.1383, 171.9511, 1334.5194, 2381.8934, 355.0453)
,(2251.0877, 2382.4253, 114.8143, 2475.4333, 2424.1383, 171.9511, 1334.5194, 2381.8934, 354.8595)
,(2251.0877, 2382.4253, 114.8143, 2475.4333, 2424.1383, 171.9511, 1334.5194, 2381.8934, 354.8595)
,(2251.0877, 2379.6632, 114.8143, 2475.4333, 2424.1383, 171.9511, 1334.5194, 2381.8934, 354.8595)
,(2251.0877, 2379.6632, 114.8143, 2475.4333, 2424.1383, 171.9511, 1346.2178, 2380.5242, 354.8595)
,(2251.0877, 2379.6632, 114.8143, 2475.4333, 2424.1383, 171.9511, 1346.2178, 2380.5242, 354.8595)
,(2251.0877, 2379.6632, 114.8143, 2475.4333, 2424.1383, 171.9511, 1346.2178, 2380.5242, 354.8595)
,(2251.0877, 2379.6632, 114.8143, 2475.4333, 2424.1383, 171.9511, 1346.2178, 2380.5242, 354.8595)
,(2251.0877, 2379.6632, 114.8143, 2475.4333, 2424.1383, 171.9511, 1346.2178, 2380.5242, 354.8595)
,(2251.0877, 2379.6632, 114.8143, 2475.4333, 2424.1383, 171.9511, 1346.2178, 2380.5242, 354.8595)
,(2245.728, 2379.6632, 114.8143, 2475.4333, 2424.1383, 171.9511, 1346.2178, 2380.5242, 354.8595)
,(2245.728, 2379.6632, 114.8143, 2475.4333, 2424.1383, 171.9511, 1346.2178, 2380.5242, 355.1371)
,(2245.728, 2379.6632, 114.8143, 2475.4333, 2424.1383, 171.9511, 1346.2178, 2380.5242, 355.1371)
,(2245.728, 2379.6632, 115.9033, 2475.4333, 2424.1383, 171.9511, 1346.2178, 2380.5242, 355.1371)
,(2245.728, 2379.6632, 115.9033, 2475.4333, 2424.1383, 171.9511, 1346.2178, 2380.5242, 355.1371)
,(2245.728, 2379.6632, 115.9033, 2475.4333, 2424.1383, 171.9511, 1346.2178, 2380.5242, 355.1371)
,(2245.728, 2381.556, 115.9033, 2475.4333, 2424.1383, 171.9511, 1346.2178, 2380.5242, 355.1371)
,(2245.728, 2381.556, 115.9033, 2475.4333, 2424.1383, 171.9511, 1346.2178, 2380.5242, 355.1371)
,(2218.7586, 2381.556, 115.9033, 2475.4333, 2424.1383, 171.9511, 1383.2626, 2378.3026, 355.1371)
,(2218.7586, 2381.556, 115.9033, 2475.4333, 2424.1383, 171.9511, 1383.2626, 2378.3026, 355.1371)
,(2218.7586, 2381.556, 115.9033, 2475.4333, 2424.1383, 171.9511, 1383.2626, 2378.3026, 355.1371)
,(2218.7586, 2381.556, 115.9033, 2475.4333, 2424.1383, 171.9511, 1383.2626, 2378.3026, 355.1371)
,(2218.7586, 2381.556, 115.9033, 2475.4333, 2424.1383, 171.9511, 1383.2626, 2378.3026, 355.1371)
,(2218.7586, 2381.556, 115.9033, 2475.4333, 2424.1383, 171.9511, 1383.2626, 2378.3026, 355.1371)
,(2218.7586, 2381.556, 115.9033, 2475.4333, 2424.1383, 171.9511, 1383.2626, 2378.3026, 355.7707)
,(2218.7586, 2381.556, 115.9033, 2475.4333, 2424.1383, 171.9511, 1383.2626, 2378.3026, 355.7707)
,(2218.7586, 2381.556, 115.9033, 2475.4333, 2424.1383, 171.9511, 1383.2626, 2378.3026, 355.7707)
,(2218.7586, 2387.2592, 115.5166, 2475.4333, 2424.1383, 171.9511, 1383.2626, 2378.3026, 355.7707)
,(2218.7586, 2387.2592, 115.5166, 2475.4333, 2424.1383, 171.9511, 1383.2626, 2378.3026, 355.7707)
,(2218.7586, 2387.2592, 115.5166, 2475.4333, 2424.1383, 171.9511, 1383.2626, 2378.3026, 355.7707)
,(2184.1373, 2387.2592, 115.5166, 2475.4333, 2424.1383, 171.9511, 1404.7083, 2378.3026, 355.7707)
,(2184.1373, 2387.2592, 115.5166, 2475.4333, 2424.1383, 171.9511, 1404.7083, 2376.2467, 355.7707)
,(2184.1373, 2387.2592, 115.5166, 2475.4333, 2424.1383, 171.9511, 1404.7083, 2376.2467, 355.7707)
,(2184.1373, 2387.2592, 115.5166, 2475.4333, 2424.1383, 171.9511, 1404.7083, 2376.2467, 355.7707)
,(2184.1373, 2387.2592, 115.5166, 2475.4333, 2424.1383, 171.9511, 1404.7083, 2376.2467, 355.7707)
,(2184.1373, 2387.2592, 115.5166, 2475.4333, 2424.1383, 171.9511, 1404.7083, 2376.2467, 356.0349)
,(2184.1373, 2387.2592, 115.5166, 2475.4333, 2424.1383, 171.9511, 1404.7083, 2376.2467, 356.0349)
,(2184.1373, 2393.2271, 115.5166, 2475.4333, 2424.1383, 171.9511, 1404.7083, 2376.2467, 356.0349)
,(2184.1373, 2393.2271, 115.5166, 2475.4333, 2424.1383, 171.9511, 1404.7083, 2376.2467, 356.0349)
,(2184.1373, 2393.2271, 115.5166, 2475.4333, 2424.1383, 171.9511, 1404.7083, 2376.2467, 356.0349)
,(2184.1373, 2393.2271, 115.8094, 2475.4333, 2424.1383, 171.9511, 1404.7083, 2376.2467, 356.0349)
,(2184.1373, 2393.2271, 115.8094, 2475.4333, 2424.1383, 171.9511, 1404.7083, 2376.2467, 356.0349)
,(2184.1373, 2393.2271, 115.8094, 2475.4333, 2424.1383, 171.9511, 1404.7083, 2376.2467, 356.0349)
,(2184.1373, 2393.2271, 115.8094, 2475.4333, 2424.1383, 171.9511, 1416.1978, 2376.2467, 356.0349)
,(2144.1605, 2394.1944, 115.8094, 2475.4333, 2424.1383, 171.9511, 1416.1978, 2375.5174, 356.0349)
,(2144.1605, 2394.1944, 115.8094, 2475.4333, 2424.1383, 171.9511, 1416.1978, 2375.5174, 356.0349)
,(2144.1605, 2394.1944, 115.8094, 2475.4333, 2424.1383, 171.9511, 1416.1978, 2375.5174, 356.0349)
,(2144.1605, 2394.1944, 115.8094, 2475.4333, 2424.1383, 171.9511, 1416.1978, 2375.5174, 356.0349)
,(2144.1605, 2394.1944, 115.8094, 2475.4333, 2424.1383, 171.9511, 1416.1978, 2375.5174, 356.0349)
,(2144.1605, 2394.1944, 114.7826, 2475.4333, 2424.1383, 171.9511, 1416.1978, 2375.5174, 356.0349)
,(2144.1605, 2394.1944, 114.7826, 2475.4333, 2424.1383, 171.9511, 1416.1978, 2375.5174, 356.0349)
,(2144.1605, 2394.1944, 114.7826, 2475.4333, 2424.1383, 171.9511, 1416.1978, 2375.5174, 356.0349)
,(2144.1605, 2394.1944, 114.7826, 2475.4333, 2424.1383, 171.9511, 1416.1978, 2375.5174, 356.0349)
,(2144.1605, 2394.1944, 114.7826, 2475.4333, 2424.1383, 171.9511, 1416.1978, 2375.5174, 356.0349)
,(2144.1605, 2394.1944, 114.7826, 2475.4333, 2424.1383, 171.9511, 1416.1978, 2375.5174, 356.0349)
,(2114.6839, 2394.1944, 114.7826, 2475.4333, 2424.1383, 171.9511, 1416.1978, 2375.5174, 356.0349)
,(2114.6839, 2395.8938, 114.7826, 2475.4333, 2424.1383, 171.9511, 1416.1978, 2375.5174, 356.0349)
,(2114.6839, 2395.8938, 114.7826, 2475.4333, 2424.1383, 171.9511, 1416.1978, 2375.5174, 356.0349)
,(2114.6839, 2395.8938, 114.7826, 2475.4333, 2424.1383, 171.9511, 1416.1978, 2375.5174, 356.0349)
,(2114.6839, 2395.8938, 114.7826, 2475.4333, 2424.1383, 171.9511, 1416.1978, 2375.5174, 356.0349)
,(2114.6839, 2395.8938, 114.7826, 2475.4333, 2424.1383, 171.9511, 1416.1978, 2375.5174, 356.0349)
,(2114.6839, 2395.8938, 114.7826, 2475.4333, 2424.1383, 171.9511, 1416.1978, 2375.5174, 356.0349)
,(2114.6839, 2395.8938, 114.7826, 2475.4333, 2424.1383, 171.9511, 1416.1978, 2375.5174, 356.0349)
,(2114.6839, 2397.7056, 114.2131, 2475.4333, 2424.1383, 171.9511, 1416.1978, 2375.5174, 356.0349)
,(2114.6839, 2397.7056, 114.2131, 2475.4333, 2424.1383, 171.9511, 1416.1978, 2375.5174, 356.0349)
,(2114.6839, 2397.7056, 114.2131, 2475.4333, 2424.1383, 171.9511, 1416.1978, 2375.5174, 356.0349)
,(2114.6839, 2397.7056, 114.2131, 2475.4333, 2424.1383, 171.9511, 1416.1978, 2375.5174, 356.0349)
,(2114.6839, 2397.7056, 114.2131, 2475.4333, 2424.1383, 171.9511, 1416.1978, 2375.5174, 356.0349)
,(2114.6839, 2397.7056, 114.2131, 2475.4333, 2424.1383, 171.9511, 1416.1978, 2375.5174, 356.0349)
,(2093.2086, 2399.5779, 114.2131, 2475.4333, 2424.1383, 171.9511, 1416.1978, 2375.5174, 356.0349)
,(2093.2086, 2399.5779, 114.2131, 2475.4333, 2424.1383, 171.9511, 1416.1978, 2375.5174, 356.0349)
,(2093.2086, 2399.5779, 114.2363, 2475.4333, 2424.1383, 171.9511, 1416.1978, 2375.5174, 356.0349)
,(2093.2086, 2399.5779, 114.2363, 2475.4333, 2424.1383, 171.9511, 1416.1978, 2375.5174, 356.0349)
,(2093.2086, 2399.5779, 114.2363, 2475.4333, 2424.1383, 171.9511, 1416.1978, 2375.5174, 356.0349)
,(2093.2086, 2399.5779, 114.2363, 2475.4333, 2424.1383, 171.9511, 1416.1978, 2375.5174, 356.0349)
,(2093.2086, 2399.5779, 114.2363, 2475.4333, 2424.1383, 171.9511, 1416.1978, 2375.5174, 356.0349)
,(2093.2086, 2399.5779, 114.2363, 2475.4333, 2424.1383, 171.9511, 1416.1978, 2375.5174, 356.0349)
,(2093.2086, 2399.5779, 114.2363, 2475.4333, 2424.1383, 171.9511, 1416.1978, 2375.5174, 356.0349)
,(2093.2086, 2399.5779, 114.2363, 2475.4333, 2424.1383, 171.9511, 1416.1978, 2375.5174, 356.0349)
,(2093.2086, 2399.5779, 114.2363, 2475.4333, 2424.1383, 171.9511, 1416.1978, 2375.5174, 356.0349)
,(2093.2086, 2399.5779, 114.2363, 2475.4333, 2424.1383, 171.9511, 1416.1978, 2375.5174, 356.0349)
,(2093.2086, 2399.5779, 114.2363, 2475.4333, 2424.1383, 171.9511, 1416.1978, 2375.5174, 356.0349)
,(2069.6092, 2403.9066, 114.2363, 2475.4333, 2424.1383, 171.9511, 1416.1978, 2375.5174, 356.0349)
,(2069.6092, 2403.9066, 114.2363, 2475.4333, 2424.1383, 171.9511, 1416.1978, 2375.5174, 356.0349)
,(2069.6092, 2403.9066, 114.2363, 2475.4333, 2424.1383, 171.9511, 1416.1978, 2375.5174, 356.0349)
,(2069.6092, 2403.9066, 114.0759, 2475.4333, 2424.1383, 171.9511, 1512.1623, 2375.5174, 356.0349)
,(2069.6092, 2403.9066, 114.0759, 2475.4333, 2424.1383, 171.9511, 1512.1623, 2375.5174, 356.0349)
,(2056.684, 2403.9066, 114.0759, 2475.4333, 2424.1383, 171.9511, 1512.1623, 2375.5174, 356.0349)
,(2056.684, 2403.9066, 114.0759, 2475.4333, 2424.1383, 171.9511, 1512.1623, 2375.5174, 356.0349)
,(2056.684, 2403.9066, 114.0759, 2475.4333, 2424.1383, 171.9511, 1512.1623, 2375.5174, 356.0349)
,(2056.684, 2403.9066, 114.0759, 2475.4333, 2424.1383, 171.9511, 1512.1623, 2375.5174, 356.0349)
,(2056.684, 2403.9066, 114.0759, 2475.4333, 2424.1383, 171.9511, 1512.1623, 2375.5174, 356.0349)
,(2056.684, 2403.9066, 114.0759, 2475.4333, 2424.1383, 171.9511, 1512.1623, 2375.5174, 356.0349)
,(2056.684, 2403.9066, 114.0759, 2475.4333, 2424.1383, 171.9511, 1512.1623, 2375.5174, 356.0349)
,(2056.684, 2403.9066, 114.0759, 2475.4333, 2424.1383, 171.9511, 1521.5489, 2375.5174, 356.0349)
,(2056.684, 2403.9066, 114.0759, 2475.4333, 2424.1383, 171.9511, 1521.5489, 2374.4016, 356.0349)
,(2056.684, 2403.9066, 114.0759, 2475.4333, 2424.1383, 171.9511, 1521.5489, 2374.4016, 357.5017)
,(2031.2023, 2403.9066, 114.0759, 2475.4333, 2424.1383, 171.9511, 1521.5489, 2374.4016, 357.5017)
,(2031.2023, 2412.6475, 114.0759, 2475.4333, 2424.1383, 171.9511, 1521.5489, 2374.4016, 357.5017)
,(2031.2023, 2412.6475, 114.015, 2475.4333, 2424.1383, 171.9511, 1521.5489, 2374.4016, 357.5017)
,(2031.2023, 2412.6475, 114.015, 2475.4333, 2424.1383, 171.9511, 1521.5489, 2374.4016, 357.5017)
,(2031.2023, 2412.6475, 114.015, 2475.4333, 2424.1383, 171.9511, 1521.5489, 2374.4016, 357.5017)
,(2031.2023, 2412.6475, 114.015, 2475.4333, 2424.1383, 171.9511, 1521.5489, 2374.4016, 357.5017)
,(2031.2023, 2412.6475, 114.015, 2475.4333, 2424.1383, 171.9511, 1521.5489, 2374.4016, 357.5017)
,(2031.2023, 2412.6475, 114.015, 2475.4333, 2424.1383, 171.9511, 1521.5489, 2374.4016, 357.5017)
,(2031.2023, 2412.6475, 114.015, 2475.4333, 2424.1383, 171.9511, 1521.5489, 2374.4016, 357.5017)
,(2031.2023, 2412.6475, 114.015, 2475.4333, 2424.1383, 171.9511, 1521.5489, 2374.5015, 357.5017)
,(2031.2023, 2412.6475, 114.015, 2475.4333, 2424.1383, 171.9511, 1521.5489, 2374.5015, 357.5017)
,(2031.2023, 2412.6475, 114.015, 2475.4333, 2424.1383, 171.9511, 1557.2251, 2374.5015, 357.5017)
,(2031.2023, 2412.6475, 114.015, 2475.4333, 2424.1383, 171.9511, 1557.2251, 2374.5015, 358.5241)
,(2031.2023, 2412.6475, 114.015, 2475.4333, 2424.1383, 171.9511, 1557.2251, 2374.5015, 358.5241)
,(2001.2248, 2412.6475, 113.8404, 2475.4333, 2424.1383, 171.9511, 1557.2251, 2374.5015, 358.5241)
,(2001.2248, 2418.3805, 113.8404, 2475.4333, 2424.1383, 171.9511, 1557.2251, 2374.5015, 358.5241)
,(2001.2248, 2418.3805, 113.8404, 2475.4333, 2424.1383, 171.9511, 1557.2251, 2374.5015, 358.5241)
,(2001.2248, 2418.3805, 113.8404, 2475.4333, 2424.1383, 171.9511, 1557.2251, 2374.5015, 358.5241)
,(2001.2248, 2418.3805, 113.8404, 2475.4333, 2424.1383, 171.9511, 1557.2251, 2374.5015, 358.5241)
,(2001.2248, 2418.3805, 113.8404, 2475.4333, 2424.1383, 171.9511, 1557.2251, 2374.5015, 358.5241)
,(2001.2248, 2418.3805, 113.8404, 2475.4333, 2424.1383, 171.9511, 1557.2251, 2374.5015, 358.5241)
,(2001.2248, 2418.3805, 113.8404, 2475.4333, 2424.1383, 171.9511, 1557.2251, 2374.5015, 358.5241)
,(2001.2248, 2418.3805, 113.8404, 2475.4333, 2424.1383, 171.9511, 1557.2251, 2374.5015, 358.5241)
,(2001.2248, 2418.3805, 113.8404, 2475.4333, 2424.1383, 171.9511, 1557.2251, 2374.3551, 358.5241)
,(2001.2248, 2418.3805, 113.8404, 2475.4333, 2424.1383, 171.9511, 1583.058, 2374.3551, 358.5241)
,(2001.2248, 2418.3805, 113.8404, 2475.4333, 2424.1383, 171.9511, 1583.058, 2374.3551, 359.65834)
,(2001.2248, 2418.3805, 113.8404, 2475.4333, 2424.1383, 171.9511, 1583.058, 2374.3551, 359.65834)
,(2001.2248, 2424.5911, 113.124, 2475.4333, 2424.1383, 171.9511, 1583.058, 2374.3551, 359.65834)
,(1969.1886, 2424.5911, 113.124, 2475.4333, 2424.1383, 171.9511, 1594.7057, 2374.3551, 359.65834)
,(1969.1886, 2424.5911, 113.124, 2475.4333, 2424.1383, 171.9511, 1594.7057, 2374.3551, 359.65834)
,(1969.1886, 2424.5911, 113.124, 2475.4333, 2424.1383, 171.9511, 1594.7057, 2374.3551, 359.65834)
,(1969.1886, 2424.5911, 113.124, 2475.4333, 2424.1383, 171.9511, 1594.7057, 2374.3551, 359.65834)
,(1969.1886, 2424.5911, 113.124, 2475.4333, 2424.1383, 171.9511, 1594.7057, 2374.3551, 359.65834)
,(1969.1886, 2424.5911, 113.124, 2475.4333, 2424.1383, 171.9511, 1594.7057, 2374.3551, 359.65834)
,(1969.1886, 2424.5911, 113.124, 2475.4333, 2424.1383, 171.9511, 1594.7057, 2374.3551, 359.65834)
,(1969.1886, 2424.5911, 113.124, 2475.4333, 2424.1383, 171.9511, 1594.7057, 2374.3551, 359.65834)
,(1969.1886, 2424.5911, 113.124, 2475.4333, 2424.1383, 171.9511, 1594.7057, 2374.3725, 359.65834)
,(1969.1886, 2424.5911, 113.124, 2475.4333, 2424.1383, 171.9511, 1594.7057, 2374.3725, 359.65834)
,(1969.1886, 2424.5911, 113.124, 2475.4333, 2424.1383, 171.9511, 1594.7057, 2374.3725, 359.65834)
,(1969.1886, 2424.5911, 113.124, 2475.4333, 2424.1383, 171.9511, 1594.7057, 2374.3725, 359.65834)
,(1969.1886, 2424.5911, 113.124, 2475.4333, 2424.1383, 171.9511, 1594.7057, 2374.3725, 0.57711)
,(1969.1886, 2433.0308, 113.124, 2475.4333, 2424.1383, 171.9511, 1594.7057, 2374.3725, 0.57711)
,(1927.3076, 2433.0308, 113.0365, 2475.4333, 2424.1383, 171.9511, 1594.7057, 2374.3725, 0.57711)
,(1927.3076, 2433.0308, 113.0365, 2475.4333, 2424.1383, 171.9511, 1618.7251, 2374.3725, 0.57711)
,(1927.3076, 2433.0308, 113.0365, 2475.4333, 2424.1383, 171.9511, 1618.7251, 2374.3725, 0.57711)
,(1927.3076, 2433.0308, 113.0365, 2475.4333, 2424.1383, 171.9511, 1618.7251, 2374.3725, 0.57711)
,(1927.3076, 2433.0308, 113.0365, 2475.4333, 2424.1383, 171.9511, 1618.7251, 2374.3725, 0.57711)
,(1927.3076, 2433.0308, 113.0365, 2475.4333, 2424.1383, 171.9511, 1618.7251, 2374.3725, 0.57711)
,(1927.3076, 2433.0308, 113.0365, 2475.4333, 2424.1383, 171.9511, 1618.7251, 2374.3725, 0.57711)
,(1927.3076, 2433.0308, 113.0365, 2475.4333, 2424.1383, 171.9511, 1618.7251, 2374.3725, 0.57711)
,(1927.3076, 2433.0308, 113.0365, 2475.4333, 2424.1383, 171.9511, 1618.7251, 2375.4869, 0.57711)
,(1927.3076, 2433.0308, 113.0365, 2475.4333, 2424.1383, 171.9511, 1618.7251, 2375.4869, 1.8477)
,(1927.3076, 2433.0308, 113.0365, 2475.4333, 2424.1383, 171.9511, 1618.7251, 2375.4869, 1.8477)
,(1927.3076, 2433.0308, 113.0365, 2475.4333, 2424.1383, 171.9511, 1618.7251, 2375.4869, 1.8477)
,(1927.3076, 2437.1362, 113.0365, 2475.4333, 2424.1383, 171.9511, 1643.0478, 2375.4869, 1.8477)
,(1905.419, 2437.1362, 113.0365, 2475.4333, 2424.1383, 171.9511, 1643.0478, 2375.4869, 1.8477)
