(Ax,Ay),(Bx,By)
(643,585,0, 0)
(134,448,0, 0)
(280,452,0, 0)
(382,507,0, 0)
(283,417,0, 0)
(532,237,0, 0)
(208,462,0, 0)
(589,209,0, 0)
(538,559,0, 0)
(589,440,1, 0)
(526,99,1, 0)
(776,410,0, 0)
(175,291,0, 0)
(731,555,0, 0)
(454,179,0, 0)
(195,543,0, 0)
(716,90,0, 0)
(581,276,0, 0)
(71,44,0, 0)
(667,574,0, 0)
(393,30,0, 0)
(453,202,0, 0)
(460,224,0, 0)
(579,270,0, 0)
(276,48,0, 0)
(111,203,0, 0)
(575,357,0, 0)
(56,133,0, 0)
(216,41,0, 0)
(653,564,0, 0)
(644,216,0, 0)
(207,495,0, 0)
(296,170,0, 0)
(255,25,0, 0)
(352,529,0, 0)
(634,120,0, 0)
(347,519,0, 0)
(695,558,0, 0)
(106,292,0, 0)
(451,251,0, 0)
(684,194,0, 0)
(254,583,0, 0)
(170,528,0, 0)
(566,26,0, 0)
(583,531,0, 0)
(779,31,0, 0)
(155,391,0, 0)
(773,288,0, 0)
(484,297,0, 0)
(648,88,0, 0)
(443,503,0, 0)
(642,128,0, 0)
(547,310,0, 0)
(24,349,0, 0)
(406,559,0, 0)
(529,260,0, 0)
(299,576,0, 0)
(710,442,0, 0)
(390,54,0, 0)
(166,382,0, 0)
(778,503,0, 0)
(138,447,0, 0)
(752,46,0, 0)
(385,314,0, 0)
(576,149,1, 0)
(327,418,0, 0)
(404,559,0, 0)
(323,101,0, 0)
(27,417,0, 0)
(167,306,0, 0)
(265,433,0, 0)
(77,333,0, 0)
(398,175,0, 0)
(32,137,0, 0)
(247,187,0, 0)
(595,172,1, 0)
(399,75,1, 0)
(631,574,0, 0)
(99,319,0, 0)
(39,547,0, 0)
(737,401,0, 0)
(604,324,1, 0)
(219,411,0, 0)
(216,99,0, 0)
(486,570,0, 0)
(448,215,0, 0)
(602,559,0, 0)
(703,461,0, 0)
(657,458,0, 0)
(650,149,1, 0)
(71,300,0, 0)
(114,360,0, 0)
(645,563,0, 0)
(756,67,0, 0)
(115,45,0, 0)
(730,205,0, 0)
(758,473,0, 0)
(506,528,0, 0)
(169,405,0, 0)
(436,194,0, 0)
(254,393,0, 0)
(557,556,0, 0)
(272,411,0, 0)
(294,426,0, 0)
(261,20,0, 0)
(303,167,0, 0)
(606,406,1, 0)
(118,223,0, 0)
(782,79,0, 0)
(572,103,1, 0)
(757,534,0, 0)
(322,34,0, 0)
(282,563,0, 0)
(614,322,1, 0)
(655,91,0, 0)
(123,336,0, 0)
(705,498,0, 0)
(502,100,1, 0)
(260,438,0, 0)
(777,50,0, 0)
(52,439,0, 0)
(368,39,0, 0)
(696,310,0, 0)
(703,483,0, 0)
(217,261,0, 0)
(714,23,0, 0)
(565,432,1, 0)
(184,197,0, 0)
(502,290,0, 0)
(95,272,0, 0)
(25,215,0, 0)
(773,47,0, 0)
(575,199,0, 0)
(159,532,0, 0)
(71,135,0, 0)
(537,274,0, 0)
(608,496,0, 0)
(26,194,0, 0)
(589,160,1, 0)
(773,257,0, 0)
(436,235,0, 0)
(200,525,0, 0)
(228,105,0, 0)
(555,511,0, 0)
(482,21,0, 0)
(33,16,0, 0)
(468,269,0, 0)
(662,541,0, 0)
(186,84,0, 0)
(773,24,0, 0)
(491,400,0, 0)
(239,181,0, 0)
(424,136,0, 0)
(601,197,1, 0)
(171,62,0, 0)
(214,48,0, 0)
(697,572,0, 0)
(585,431,1, 0)
(516,526,0, 0)
(268,497,0, 0)
(692,178,0, 0)
(456,374,0, 0)
(144,232,0, 0)
(175,271,0, 0)
(66,219,0, 0)
(359,145,0, 0)
(514,412,0, 0)
(773,512,0, 0)
(746,52,0, 0)
(102,421,0, 0)
(272,499,0, 0)
(522,565,0, 0)
(573,32,0, 0)
(72,73,0, 0)
(403,439,0, 0)
(323,437,0, 0)
(221,527,0, 0)
(411,19,0, 0)
(390,331,0, 0)
(667,287,1, 0)
(262,191,0, 0)
(591,273,0, 0)
(533,480,0, 0)
(485,224,0, 0)
(156,414,0, 0)
(16,437,0, 0)
(752,188,0, 0)
(586,146,1, 0)
(217,103,0, 0)
(521,112,1, 0)
(205,291,0, 0)
(549,227,0, 0)
(237,327,0, 0)
(491,530,0, 0)
(657,276,1, 0)
(199,315,0, 0)
(535,182,0, 0)
(709,107,0, 0)
(391,281,0, 0)
(444,357,0, 0)
(676,295,1, 0)
(200,115,0, 0)
(387,294,0, 0)
(521,23,0, 0)
(528,399,0, 0)
(217,221,0, 0)
(231,197,0, 0)
(294,402,0, 0)
(652,425,1, 0)
(597,117,1, 0)
(172,574,0, 0)
(651,493,0, 0)
(393,207,0, 0)
(597,345,1, 0)
(613,539,0, 0)
(679,316,1, 0)
(268,84,0, 0)
(574,138,1, 0)
(627,358,1, 0)
(643,573,0, 0)
(732,46,0, 0)
(385,143,0, 0)
(596,93,1, 0)
(571,56,0, 0)
(609,179,1, 0)
(316,248,0, 0)
(425,125,1, 0)
(475,153,0, 0)
(412,120,1, 0)
(745,298,0, 0)
(744,186,0, 0)
(516,487,0, 0)
(483,401,0, 0)
(225,195,0, 0)
(241,132,0, 0)
(574,123,1, 0)
(197,259,0, 0)
(409,373,0, 0)
(15,263,0, 0)
(589,253,0, 0)
(563,40,0, 0)
(721,244,0, 0)
(378,509,0, 0)
(127,185,0, 0)
(674,147,0, 0)
(383,578,0, 0)
(455,229,0, 0)
(688,377,0, 0)
(404,135,0, 0)
(426,356,0, 0)
(34,311,0, 0)
(60,423,0, 0)
(328,503,0, 0)
(335,136,0, 0)
(114,335,0, 0)
(713,498,0, 0)
(273,367,0, 0)
(333,423,0, 0)
(768,510,0, 0)
(148,55,0, 0)
(624,366,1, 0)
(596,370,1, 0)
(604,154,1, 0)
(104,403,0, 0)
(710,505,0, 0)
(118,59,0, 0)
(111,41,0, 0)
(672,360,1, 0)
(60,505,0, 0)
(272,63,0, 0)
(532,541,0, 0)
(31,303,0, 0)
(120,46,0, 0)
(436,561,0, 0)
(152,362,0, 0)
(439,179,0, 0)
(172,421,0, 0)
(92,437,0, 0)
(295,375,0, 0)
(758,533,0, 0)
(28,134,0, 0)
(144,541,0, 0)
(216,405,0, 0)
(366,180,0, 0)
(56,62,0, 0)
(652,153,0, 0)
(757,139,0, 0)
(566,266,0, 0)
(517,437,0, 0)
(552,344,0, 0)
(439,497,0, 0)
(489,373,0, 0)
(204,290,0, 0)
(305,337,0, 0)
(107,304,0, 0)
(409,92,1, 0)
(321,134,0, 0)
(638,565,0, 0)
(553,190,0, 0)
(538,524,0, 0)
(160,188,0, 0)
(109,169,0, 0)
(134,376,0, 0)
(704,508,0, 0)
(785,178,0, 0)
(264,88,0, 0)
(30,475,0, 0)
(555,128,1, 0)
(140,402,0, 0)
(281,170,0, 0)
(245,554,0, 0)
(99,255,0, 0)
(522,451,0, 0)
(115,137,0, 0)
(110,252,0, 0)
(494,515,0, 0)
(374,522,0, 0)
(708,399,0, 0)
(703,39,0, 0)
(192,163,0, 0)
(577,339,0, 0)
(191,292,0, 0)
(418,583,0, 0)
(414,32,0, 0)
(590,300,0, 0)
(102,517,0, 0)
(257,94,0, 0)
(339,83,0, 0)
(259,448,0, 0)
(681,565,0, 0)
(36,64,0, 0)
(443,368,0, 0)
(527,186,0, 0)
(72,58,0, 0)
(698,531,0, 0)
(403,210,0, 0)
(115,116,0, 0)
(448,492,0, 0)
(229,469,0, 0)
(562,90,1, 0)
(237,73,0, 0)
(770,530,0, 0)
(29,348,0, 0)
(184,71,0, 0)
(677,32,0, 0)
(168,561,0, 0)
(189,154,0, 0)
(69,578,0, 0)
(722,226,0, 0)
(538,41,1, 0)
(360,554,0, 0)
(632,160,1, 0)
(355,137,0, 0)
(236,165,0, 0)
(182,466,0, 0)
(476,17,0, 0)
(567,579,0, 0)
(422,337,0, 0)
(124,222,0, 0)
(746,66,0, 0)
(381,136,0, 0)
(161,469,0, 0)
(670,230,1, 0)
(51,566,0, 0)
(644,102,0, 0)
(122,433,0, 0)
(528,193,0, 0)
(113,506,0, 0)
(193,547,0, 0)
(532,37,0, 0)
(406,279,0, 0)
(597,133,1, 0)
(495,38,1, 0)
(325,115,0, 0)
(472,129,1, 0)
(768,135,0, 0)
(496,502,0, 0)
(257,29,0, 0)
(666,89,0, 0)
(323,578,0, 0)
(393,317,0, 0)
(469,583,0, 0)
(371,559,0, 0)
(633,430,1, 0)
(100,77,0, 0)
(155,174,0, 0)
(34,548,0, 0)
(27,36,0, 0)
(31,291,0, 0)
(175,496,0, 0)
(398,38,0, 0)
(23,377,0, 0)
(350,507,0, 0)
(16,581,0, 0)
(583,543,0, 0)
(256,86,0, 0)
(776,204,0, 0)
(765,383,0, 0)
(781,326,0, 0)
(521,104,1, 0)
(722,276,0, 0)
(575,222,0, 0)
(341,251,0, 0)
(387,277,0, 0)
(164,307,0, 0)
(263,190,0, 0)
(764,19,0, 0)
(360,100,0, 0)
(588,226,0, 0)
(88,207,0, 0)
(556,86,1, 0)
(383,553,0, 0)
(212,74,0, 0)
(91,418,0, 0)
(577,171,1, 0)
(243,60,0, 0)
(20,534,0, 0)
(696,65,0, 0)
(167,375,0, 0)
(204,241,0, 0)
(53,87,0, 0)
(270,371,0, 0)
(539,311,0, 0)
(168,151,0, 0)
(494,156,0, 0)
(464,432,0, 0)
(266,85,0, 0)
(478,442,0, 0)
(483,512,0, 0)
(561,179,1, 0)
(277,108,0, 0)
(348,577,0, 0)
(327,53,0, 0)
(612,179,1, 0)
(208,535,0, 0)
(166,344,0, 0)
(280,442,0, 0)
(441,275,0, 0)
(262,523,0, 0)
(739,437,0, 0)
(66,225,0, 0)
(431,550,0, 0)
(60,93,0, 0)
(486,79,1, 0)
(679,304,1, 0)
(606,314,1, 0)
(16,286,0, 0)
(598,585,0, 0)
(726,553,0, 0)
(461,56,1, 0)
(152,67,0, 0)
(312,157,0, 0)
(76,255,0, 0)
(465,392,0, 0)
(408,457,0, 0)
(28,583,0, 0)
(562,184,1, 0)
(255,114,0, 0)
(731,524,0, 0)
(749,131,0, 0)
(548,186,0, 0)
(674,354,1, 0)
(482,57,1, 0)
(384,164,0, 0)
(440,22,0, 0)
(292,95,0, 0)
(508,26,0, 0)
(98,536,0, 0)
(596,247,0, 0)
(29,419,0, 0)
(83,208,0, 0)
(144,550,0, 0)
(456,182,0, 0)
(246,108,0, 0)
(489,217,0, 0)
(31,305,0, 0)
(63,218,0, 0)
(566,349,0, 0)
(50,306,0, 0)
(737,268,0, 0)
(726,162,0, 0)
(403,585,0, 0)
(174,524,0, 0)
(451,434,0, 0)
(371,525,0, 0)
(171,200,0, 0)
(608,455,1, 0)
(412,156,0, 0)
(357,510,0, 0)
(784,273,0, 0)
(662,80,0, 0)
(441,353,0, 0)
(292,378,0, 0)
(145,456,0, 0)
(218,209,0, 0)
(73,406,0, 0)
(644,330,1, 0)
(644,290,1, 0)
(283,303,0, 0)
(226,25,0, 0)
(214,540,0, 0)
(736,229,0, 0)
(658,137,0, 0)
(639,326,1, 0)
(591,147,1, 0)
(469,356,0, 0)
(153,40,0, 0)
(421,207,0, 0)
(79,390,0, 0)
(65,535,0, 0)
(457,31,1, 0)
(271,134,0, 0)
(374,332,0, 0)
(35,137,0, 0)
(198,257,0, 0)
(613,351,1, 0)
(769,494,0, 0)
(639,25,0, 0)
(561,162,1, 0)
(683,526,0, 0)
(650,308,1, 0)
(495,504,0, 0)
(518,510,0, 0)
(501,505,0, 0)
(290,42,0, 0)
(333,270,0, 0)
(283,179,0, 0)
(642,328,1, 0)
(214,243,0, 0)
(264,439,0, 0)
(93,332,0, 0)
(358,260,0, 0)
(380,521,0, 0)
(293,317,0, 0)
(717,54,0, 0)
(393,549,0, 0)
(236,34,0, 0)
(699,234,0, 0)
(478,317,0, 0)
(212,492,0, 0)
(677,132,0, 0)
(671,95,0, 0)
(88,509,0, 0)
(619,53,0, 0)
(85,571,0, 0)
(589,354,1, 0)
(763,94,0, 0)
(470,192,0, 0)
(211,221,0, 0)
(420,301,0, 0)
(495,559,0, 0)
(731,456,0, 0)
(314,476,0, 0)
(469,208,0, 0)
(725,426,0, 0)
(300,476,0, 0)
(292,229,0, 0)
(93,451,0, 0)
(489,456,0, 0)
(532,229,0, 0)
(15,429,0, 0)
(418,165,0, 0)
(385,383,0, 0)
(115,53,0, 0)
(301,572,0, 0)
(37,490,0, 0)
(607,241,1, 0)
(600,433,1, 0)
(421,263,0, 0)
(102,479,0, 0)
(371,226,0, 0)
(475,450,0, 0)
(533,301,0, 0)
(691,386,0, 0)
(411,123,1, 0)
(415,514,0, 0)
(666,107,0, 0)
(76,404,0, 0)
(761,388,0, 0)
(91,338,0, 0)
(539,236,0, 0)
(163,355,0, 0)
(577,315,0, 0)
(732,62,0, 0)
(417,570,0, 0)
(573,232,0, 0)
(555,484,0, 0)
(420,255,0, 0)
(372,546,0, 0)
(525,427,0, 0)
(760,58,0, 0)
(277,150,0, 0)
(167,541,0, 0)
(564,306,0, 0)
(468,282,0, 0)
(408,506,0, 0)
(357,42,0, 0)
(522,310,0, 0)
(419,324,0, 0)
(48,112,0, 0)
(471,386,0, 0)
(550,379,0, 0)
(320,450,0, 0)
(742,16,0, 0)
(43,349,0, 0)
(111,449,0, 0)
(59,221,0, 0)
(139,553,0, 0)
(609,314,1, 0)
(774,272,0, 0)
(425,25,0, 0)
(566,283,0, 0)
(88,469,0, 0)
(142,158,0, 0)
(146,270,0, 0)
(558,25,0, 0)
(177,535,0, 0)
(656,257,1, 0)
(697,269,0, 0)
(230,336,0, 0)
(39,264,0, 0)
(230,77,0, 0)
(401,534,0, 0)
(231,400,0, 0)
(350,239,0, 0)
(286,245,0, 0)
(569,327,0, 0)
(67,173,0, 0)
(185,338,0, 0)
(309,248,0, 0)
(602,366,1, 0)
(598,268,1, 0)
(709,565,0, 0)
(254,561,0, 0)
(423,576,0, 0)
(101,94,0, 0)
(309,282,0, 0)
(497,114,1, 0)
(557,454,1, 0)
(151,52,0, 0)
(66,572,0, 0)
(262,187,0, 0)
(145,318,0, 0)
(326,87,0, 0)
(784,281,0, 0)
(348,562,0, 0)
(283,572,0, 0)
(297,225,0, 0)
(764,136,0, 0)
(59,152,0, 0)
(631,143,1, 0)
(573,186,1, 0)
(317,271,0, 0)
(161,101,0, 0)
(276,346,0, 0)
(475,165,0, 0)
(75,66,0, 0)
(627,450,1, 0)
(72,21,0, 0)
(551,363,0, 0)
(569,431,1, 0)
(149,285,0, 0)
(230,415,0, 0)
(34,473,0, 0)
(592,238,0, 0)
(264,444,0, 0)
(42,122,0, 0)
(748,121,0, 0)
(609,522,0, 0)
(245,205,0, 0)
(265,239,0, 0)
(715,160,0, 0)
(538,206,0, 0)
(421,425,0, 0)
(72,329,0, 0)
(66,560,0, 0)
(613,506,0, 0)
(60,265,0, 0)
(253,296,0, 0)
(779,309,0, 0)
(705,263,0, 0)
(668,448,0, 0)
(658,557,0, 0)
(228,424,0, 0)
(122,141,0, 0)
(641,348,1, 0)
(27,169,0, 0)
(322,422,0, 0)
(292,421,0, 0)
(229,395,0, 0)
(46,383,0, 0)
(50,472,0, 0)
(781,396,0, 0)
(617,318,1, 0)
(724,325,0, 0)
(720,397,0, 0)
(252,423,0, 0)
(115,571,0, 0)
(708,218,0, 0)
(48,255,0, 0)
(387,473,0, 0)
(75,305,0, 0)
(230,78,0, 0)
(649,509,0, 0)
(650,413,1, 0)
(231,50,0, 0)
(319,51,0, 0)
(729,428,0, 0)
(213,295,0, 0)
(623,225,0, 0)
(299,255,0, 0)
(42,536,0, 0)
(642,300,1, 0)
(721,465,0, 0)
(207,185,0, 0)
(345,583,0, 0)
(273,565,0, 0)
(359,35,0, 0)
(705,554,0, 0)
(454,149,0, 0)
(561,390,1, 0)
(747,31,0, 0)
(114,530,0, 0)
(483,554,0, 0)
(436,335,0, 0)
(744,79,0, 0)
(508,122,1, 0)
(657,544,0, 0)
(658,211,0, 0)
(281,95,0, 0)
(167,445,0, 0)
(53,129,0, 0)
(364,29,0, 0)
(473,217,0, 0)
(687,584,0, 0)
(357,131,0, 0)
(660,226,1, 0)
(710,169,0, 0)
(134,567,0, 0)
(243,566,0, 0)
(198,414,0, 0)
(268,367,0, 0)
(752,255,0, 0)
(109,498,0, 0)
(349,351,0, 0)
(16,50,0, 0)
(42,533,0, 0)
(771,546,0, 0)
(580,184,1, 0)
(439,504,0, 0)
(684,537,0, 0)
(525,460,0, 0)
(278,20,0, 0)
(744,108,0, 0)
(286,208,0, 0)
(417,504,0, 0)
(162,521,0, 0)
(149,182,0, 0)
(64,509,0, 0)
(552,478,1, 0)
(675,432,0, 0)
(595,540,0, 0)
(54,508,0, 0)
(676,64,0, 0)
(31,279,0, 0)
(542,295,0, 0)
(164,516,0, 0)
(204,291,0, 0)
(734,410,0, 0)
(215,312,0, 0)
(428,184,0, 0)
(763,497,0, 0)
(644,65,0, 0)
(111,573,0, 0)
(753,395,0, 0)
(532,367,0, 0)
(764,241,0, 0)
(652,16,0, 0)
(83,392,0, 0)
(113,138,0, 0)
(366,371,0, 0)
(247,486,0, 0)
(684,113,0, 0)
(354,43,0, 0)
(365,538,0, 0)
(410,209,0, 0)
(88,73,0, 0)
(629,290,1, 0)
(656,186,0, 0)
(37,148,0, 0)
(339,386,0, 0)
(168,377,0, 0)
(180,34,0, 0)
(357,263,0, 0)
(225,199,0, 0)
(646,192,0, 0)
(678,334,1, 0)
(317,259,0, 0)
(162,250,0, 0)
(191,288,0, 0)
(183,288,0, 0)
(269,485,0, 0)
(560,403,1, 0)
(508,222,0, 0)
(526,265,0, 0)
(165,236,0, 0)
(250,288,0, 0)
(507,183,0, 0)
(455,494,0, 0)
(698,206,0, 0)
(75,401,0, 0)
(651,82,0, 0)
(331,76,0, 0)
(316,583,0, 0)
(171,305,0, 0)
(162,357,0, 0)
(543,547,0, 0)
(639,505,0, 0)
(476,295,0, 0)
(777,510,0, 0)
(330,271,0, 0)
(708,65,0, 0)
(41,131,0, 0)
(127,190,0, 0)
(128,79,0, 0)
(778,235,0, 0)
(645,485,0, 0)
(411,133,0, 0)
(52,234,0, 0)
(304,374,0, 0)
(366,553,0, 0)
(322,153,0, 0)
(315,281,0, 0)
(64,322,0, 0)
(751,319,0, 0)
(340,488,0, 0)
(349,270,0, 0)
(490,154,0, 0)
(464,346,0, 0)
(384,470,0, 0)
(30,44,0, 0)
(537,470,0, 0)
(65,22,0, 0)
(316,252,0, 0)
(690,112,0, 0)
(665,267,1, 0)
(563,61,1, 0)
(188,220,0, 0)
(737,228,0, 0)
(185,533,0, 0)
(145,335,0, 0)
(164,483,0, 0)
(523,537,0, 0)
(382,90,1, 0)
(654,219,1, 0)
(779,491,0, 0)
(156,420,0, 0)
(369,272,0, 0)
(321,187,0, 0)
(647,147,1, 0)
(35,498,0, 0)
(301,506,0, 0)
(692,431,0, 0)
(252,536,0, 0)
(636,229,1, 0)
(519,411,0, 0)
(720,121,0, 0)
(441,354,0, 0)
(171,306,0, 0)
(746,176,0, 0)
(614,149,1, 0)
(312,518,0, 0)
(659,352,1, 0)
(90,29,0, 0)
(712,45,0, 0)
(327,499,0, 0)
(503,568,0, 0)
(278,512,0, 0)
(167,118,0, 0)
(191,372,0, 0)
(749,361,0, 0)
(95,321,0, 0)
(539,317,0, 0)
(53,84,0, 0)
(188,250,0, 0)
(546,338,0, 0)
(159,512,0, 0)
(440,314,0, 0)
(340,487,0, 0)
(707,265,0, 0)
(770,132,0, 0)
(455,93,1, 0)
(513,319,0, 0)
(621,534,0, 0)
(364,21,0, 0)
(220,133,0, 0)
(641,549,0, 0)
(265,83,0, 0)
(407,96,1, 0)
(736,43,0, 0)
(768,510,0, 0)
(627,225,0, 0)
(363,268,0, 0)
(366,22,0, 0)
(497,454,0, 0)
(735,355,0, 0)
(583,537,0, 0)
(37,350,0, 0)
(757,543,0, 0)
(237,302,0, 0)
(716,328,0, 0)
(422,209,0, 0)
(173,545,0, 0)
(406,441,0, 0)
(306,544,0, 0)
(41,31,0, 0)
(653,247,1, 0)
(29,79,0, 0)
(471,239,0, 0)
(619,429,1, 0)
(320,280,0, 0)
(348,72,0, 0)
(538,418,1, 0)
(44,383,0, 0)
(689,585,0, 0)
(648,422,1, 0)
(287,402,0, 0)
(684,68,0, 0)
(19,344,0, 0)
(390,548,0, 0)
(170,202,0, 0)
(518,455,1, 0)
(57,32,0, 0)
(397,426,0, 0)
(437,311,0, 0)
(651,359,1, 0)
(119,55,0, 0)
(425,559,0, 0)
(502,280,0, 0)
(300,376,0, 0)
(153,58,0, 0)
(501,128,1, 0)
(348,526,0, 0)
(671,38,0, 0)
(390,79,1, 0)
(503,36,1, 0)
(508,274,0, 0)
(496,369,0, 0)
(158,505,0, 0)
(150,55,0, 0)
(51,565,0, 0)
(455,219,0, 0)
(250,273,0, 0)
(376,398,0, 0)
(470,35,1, 0)
(129,318,0, 0)
(751,395,0, 0)
(438,172,0, 0)
(433,533,0, 0)
(271,532,0, 0)
(355,50,0, 0)
(358,95,0, 0)
(455,565,0, 0)
(740,425,0, 0)
(300,399,0, 0)
(162,308,0, 0)
(329,327,0, 0)
(257,574,0, 0)
(112,454,0, 0)
(217,57,0, 0)
(468,518,0, 0)
(742,194,0, 0)
(701,434,0, 0)
(216,367,0, 0)
(503,255,0, 0)
(385,106,1, 0)
(23,543,0, 0)
(353,432,0, 0)
(60,229,0, 0)
(729,84,0, 0)
(756,245,0, 0)
(251,134,0, 0)
(148,193,0, 0)
(144,73,0, 0)
(742,76,0, 0)
(742,266,0, 0)
(503,358,0, 0)
(750,541,0, 0)
(596,367,1, 0)
(240,144,0, 0)
(609,301,1, 0)
(704,311,0, 0)
(221,73,0, 0)
(436,489,0, 0)
(515,566,0, 0)
(732,33,0, 0)
(83,424,0, 0)
(276,234,0, 0)
(48,297,0, 0)
(679,229,1, 0)
(343,131,0, 0)
(575,137,1, 0)
(712,226,0, 0)
(333,215,0, 0)
(311,313,0, 0)
(144,533,0, 0)
(112,318,0, 0)
(567,127,1, 0)
(580,121,1, 0)
(472,476,0, 0)
(515,436,0, 0)
(524,234,0, 0)
(129,134,0, 0)
(403,403,0, 0)
(722,32,0, 0)
(501,333,0, 0)
(536,282,0, 0)
(47,575,0, 0)
(704,305,0, 0)
(573,413,1, 0)
(570,455,1, 0)
(34,193,0, 0)
(432,305,0, 0)
(469,535,0, 0)
(751,184,0, 0)
(96,68,0, 0)
(466,180,0, 0)
(652,270,1, 0)
(745,452,0, 0)
(15,314,0, 0)
(637,281,1, 0)
(239,75,0, 0)
(411,15,0, 0)
(574,289,0, 0)
(680,236,1, 0)
(251,102,0, 0)
(487,243,0, 0)
(116,467,0, 0)
(304,571,0, 0)
(28,312,0, 0)
(618,68,0, 0)
(334,415,0, 0)
(284,296,0, 0)
(29,430,0, 0)
(607,238,1, 0)
(611,218,0, 0)
(21,443,0, 0)
(499,130,1, 0)
(163,507,0, 0)
(607,416,1, 0)
(139,515,0, 0)
(613,349,1, 0)
(50,211,0, 0)
(219,63,0, 0)
(663,140,0, 0)
(24,400,0, 0)
(731,55,0, 0)
(512,21,0, 0)
(42,361,0, 0)
(352,525,0, 0)
(206,174,0, 0)
(268,20,0, 0)
(147,157,0, 0)
(242,106,0, 0)
(392,235,0, 0)
(613,434,1, 0)
(140,189,0, 0)
(633,370,1, 0)
(452,554,0, 0)
(231,417,0, 0)
(99,102,0, 0)
(376,62,0, 0)
(455,215,0, 0)
(85,192,0, 0)
(693,174,0, 0)
(783,82,0, 0)
(512,282,0, 0)
(431,508,0, 0)
(446,567,0, 0)
(433,335,0, 0)
(190,139,0, 0)
(209,246,0, 0)
(131,280,0, 0)
(684,280,1, 0)
(23,288,0, 0)
(668,376,1, 0)
(456,188,0, 0)
(703,194,0, 0)
(558,37,0, 0)
(373,341,0, 0)
(517,321,0, 0)
(774,474,0, 0)
(366,66,0, 0)
(757,473,0, 0)
(767,239,0, 0)
(588,184,1, 0)
(489,558,0, 0)
(257,288,0, 0)
(98,205,0, 0)
(124,228,0, 0)
(395,455,0, 0)
(43,36,0, 0)
(759,140,0, 0)
(554,258,0, 0)
(118,144,0, 0)
(184,371,0, 0)
(268,169,0, 0)
(779,410,0, 0)
(641,578,0, 0)
(149,272,0, 0)
(326,460,0, 0)
(422,521,0, 0)
(595,24,0, 0)
(736,78,0, 0)
(602,566,0, 0)
(102,194,0, 0)
(339,498,0, 0)
(521,498,0, 0)
(495,563,0, 0)
(686,420,0, 0)
(22,479,0, 0)
(622,90,0, 0)
(493,118,1, 0)
(117,209,0, 0)
(629,239,1, 0)
(467,198,0, 0)
(204,281,0, 0)
(594,464,1, 0)
(602,195,1, 0)
(156,493,0, 0)
(596,530,0, 0)
(670,40,0, 0)
(90,34,0, 0)
(104,374,0, 0)
(761,557,0, 0)
(547,34,0, 0)
(372,472,0, 0)
(311,336,0, 0)
(128,508,0, 0)
(467,188,0, 0)
(99,144,0, 0)
(263,68,0, 0)
(760,559,0, 0)
(659,560,0, 0)
(405,520,0, 0)
(731,258,0, 0)
(239,506,0, 0)
(26,65,0, 0)
(417,33,1, 0)
(186,486,0, 0)
(732,19,0, 0)
(665,341,1, 0)
(519,568,0, 0)
(113,522,0, 0)
(387,159,0, 0)
(441,82,1, 0)
(135,511,0, 0)
(514,152,0, 0)
(212,27,0, 0)
(122,462,0, 0)
(465,525,0, 0)
(137,507,0, 0)
(614,238,1, 0)
(777,29,0, 0)
(586,328,0, 0)
(35,260,0, 0)
(535,522,0, 0)
(15,138,0, 0)
(241,313,0, 0)
(587,200,1, 0)
(668,74,0, 0)
(447,317,0, 0)
(136,168,0, 0)
(326,205,0, 0)
(718,16,0, 0)
(696,462,0, 0)
(780,383,0, 0)
(699,15,0, 0)
(532,47,1, 0)
(712,201,0, 0)
(359,279,0, 0)
(503,192,0, 0)
(62,340,0, 0)
(117,30,0, 0)
(372,24,0, 0)
(562,259,0, 0)
(379,189,0, 0)
(166,562,0, 0)
(508,108,1, 0)
(17,577,0, 0)
(356,209,0, 0)
(234,112,0, 0)
(430,545,0, 0)
(565,375,0, 0)
(754,518,0, 0)
(776,525,0, 0)
(125,411,0, 0)
(108,303,0, 0)
(195,42,0, 0)
(352,125,0, 0)
(76,224,0, 0)
(486,525,0, 0)
(214,100,0, 0)
(279,365,0, 0)
(634,211,0, 0)
(440,467,0, 0)
(217,119,0, 0)
(673,542,0, 0)
(548,99,1, 0)
(692,459,0, 0)
(438,89,1, 0)
(740,418,0, 0)
(98,547,0, 0)
(778,249,0, 0)
(677,499,0, 0)
(526,382,0, 0)
(691,201,0, 0)
(141,390,0, 0)
(229,375,0, 0)
(392,513,0, 0)
(287,507,0, 0)
(607,368,1, 0)
(104,300,0, 0)
(158,167,0, 0)
(263,109,0, 0)
(308,85,0, 0)
(79,329,0, 0)
(355,158,0, 0)
(639,240,1, 0)
(24,75,0, 0)
(307,260,0, 0)
(139,136,0, 0)
(637,110,0, 0)
(436,219,0, 0)
(326,284,0, 0)
(296,203,0, 0)
(513,202,0, 0)
(606,448,1, 0)
(368,423,0, 0)
(771,393,0, 0)
(688,485,0, 0)
(342,415,0, 0)
(373,295,0, 0)
(80,28,0, 0)
(379,83,1, 0)
(239,313,0, 0)
(579,209,0, 0)
(231,262,0, 0)
(370,126,0, 0)
(427,281,0, 0)
(618,518,0, 0)
(252,553,0, 0)
(341,278,0, 0)
(38,46,0, 0)
(490,575,0, 0)
(372,284,0, 0)
(252,359,0, 0)
(448,282,0, 0)
(354,249,0, 0)
(711,369,0, 0)
(159,476,0, 0)
(277,547,0, 0)
(196,105,0, 0)
(89,356,0, 0)
(78,146,0, 0)
(616,419,1, 0)
(379,435,0, 0)
(720,255,0, 0)
(597,47,0, 0)
(666,253,1, 0)
(52,412,0, 0)
(469,438,0, 0)
(444,180,0, 0)
(331,360,0, 0)
(573,108,1, 0)
(519,266,0, 0)
(441,372,0, 0)
(705,53,0, 0)
(294,579,0, 0)
(176,258,0, 0)
(247,415,0, 0)
(190,205,0, 0)
(592,297,0, 0)
(413,455,0, 0)
(269,414,0, 0)
(215,207,0, 0)
(385,421,0, 0)
(106,582,0, 0)
(775,420,0, 0)
(216,223,0, 0)
(724,51,0, 0)
(198,82,0, 0)
(98,295,0, 0)
(475,513,0, 0)
(516,486,0, 0)
(678,561,0, 0)
(620,58,0, 0)
(281,213,0, 0)
(712,119,0, 0)
(455,483,0, 0)
(723,122,0, 0)
(136,347,0, 0)
(79,168,0, 0)
(283,59,0, 0)
(449,285,0, 0)
(120,78,0, 0)
(190,119,0, 0)
(528,532,0, 0)
(209,114,0, 0)
(486,472,0, 0)
(89,461,0, 0)
(292,443,0, 0)
(778,577,0, 0)
(545,558,0, 0)
(87,301,0, 0)
(614,421,1, 0)
(225,59,0, 0)
(34,350,0, 0)
(512,129,1, 0)
(217,149,0, 0)
(704,362,0, 0)
(468,484,0, 0)
(250,581,0, 0)
(105,200,0, 0)
(776,572,0, 0)
(411,498,0, 0)
(260,159,0, 0)
(543,134,1, 0)
(25,486,0, 0)
(25,212,0, 0)
(229,359,0, 0)
(392,62,1, 0)
(223,31,0, 0)
(768,440,0, 0)
(79,66,0, 0)
(246,493,0, 0)
(645,434,1, 0)
(155,290,0, 0)
(252,400,0, 0)
(101,113,0, 0)
(443,183,0, 0)
(629,38,0, 0)
(267,406,0, 0)
(165,524,0, 0)
(111,526,0, 0)
(89,66,0, 0)
(15,54,0, 0)
(412,494,0, 0)
(696,28,0, 0)
(560,239,0, 0)
(759,261,0, 0)
(659,48,0, 0)
(58,156,0, 0)
(628,307,1, 0)
(243,485,0, 0)
(718,381,0, 0)
(412,17,0, 0)
(437,331,0, 0)
(480,47,1, 0)
(301,312,0, 0)
(218,201,0, 0)
(228,161,0, 0)
(298,508,0, 0)
(256,584,0, 0)
(98,560,0, 0)
(433,144,0, 0)
(246,136,0, 0)
(558,88,1, 0)
(410,459,0, 0)
(18,252,0, 0)
(98,67,0, 0)
(439,408,0, 0)
(446,90,1, 0)
(270,557,0, 0)
(284,204,0, 0)
(584,89,1, 0)
(626,547,0, 0)
(382,349,0, 0)
(671,249,1, 0)
(225,261,0, 0)
(715,457,0, 0)
(84,91,0, 0)
(295,407,0, 0)
(557,351,0, 0)
(83,112,0, 0)
(176,42,0, 0)
(225,144,0, 0)
(742,28,0, 0)
(440,308,0, 0)
(51,417,0, 0)
(718,502,0, 0)
(521,101,1, 0)
(270,303,0, 0)
(285,204,0, 0)
(663,45,0, 0)
(457,203,0, 0)
(620,116,1, 0)
(602,483,0, 0)
(744,389,0, 0)
(283,121,0, 0)
(688,530,0, 0)
(252,481,0, 0)
(365,558,0, 0)
(275,514,0, 0)
(661,534,0, 0)
(416,466,0, 0)
(166,374,0, 0)
(68,445,0, 0)
(378,323,0, 0)
(92,258,0, 0)
(186,483,0, 0)
(329,396,0, 0)
(55,459,0, 0)
(231,250,0, 0)
(648,178,1, 0)
(155,96,0, 0)
(287,332,0, 0)
(77,159,0, 0)
(187,177,0, 0)
(682,105,0, 0)
(759,446,0, 0)
(745,506,0, 0)
(716,424,0, 0)
(556,366,0, 0)
(188,16,0, 0)
(360,114,1, 0)
(565,345,0, 0)
(616,439,1, 0)
(113,246,0, 0)
(715,275,0, 0)
(605,104,1, 0)
(311,580,0, 0)
(661,297,1, 0)
(622,365,1, 0)
(257,492,0, 0)
(311,81,0, 0)
(656,463,0, 0)
(261,353,0, 0)
(47,267,0, 0)
(333,36,0, 0)
(649,120,0, 0)
(754,348,0, 0)
(666,208,0, 0)
(253,41,0, 0)
(697,308,0, 0)
(567,19,0, 0)
(58,192,0, 0)
(304,528,0, 0)
(456,92,1, 0)
(279,350,0, 0)
(227,265,0, 0)
(440,501,0, 0)
(630,525,0, 0)
(415,574,0, 0)
(450,422,0, 0)
(639,448,1, 0)
(488,121,1, 0)
(311,197,0, 0)
(501,26,0, 0)
(537,390,0, 0)
(730,408,0, 0)
(231,93,0, 0)
(368,532,0, 0)
(531,273,0, 0)
(238,237,0, 0)
(315,484,0, 0)
(549,515,0, 0)
(294,118,0, 0)
(723,156,0, 0)
(351,210,0, 0)
(532,288,0, 0)
(251,417,0, 0)
(462,338,0, 0)
(706,262,0, 0)
(257,289,0, 0)
(282,554,0, 0)
(430,547,0, 0)
(600,570,0, 0)
(544,305,0, 0)
(680,169,0, 0)
(67,73,0, 0)
(533,43,1, 0)
(476,529,0, 0)
(211,496,0, 0)
(403,465,0, 0)
(184,359,0, 0)
(418,63,1, 0)
(775,284,0, 0)
(150,372,0, 0)
(781,57,0, 0)
(527,53,1, 0)
(65,415,0, 0)
(336,514,0, 0)
(413,95,1, 0)
(372,251,0, 0)
(440,426,0, 0)
(20,389,0, 0)
(671,348,1, 0)
(743,297,0, 0)
(636,139,1, 0)
(737,216,0, 0)
(533,323,0, 0)
(131,560,0, 0)
(542,250,0, 0)
(73,431,0, 0)
(94,507,0, 0)
(60,535,0, 0)
(56,125,0, 0)
(414,516,0, 0)
(282,96,0, 0)
(456,334,0, 0)
(77,86,0, 0)
(652,422,1, 0)
(663,385,1, 0)
(602,139,1, 0)
(152,551,0, 0)
(424,405,0, 0)
(516,45,1, 0)
(373,465,0, 0)
(478,41,1, 0)
(213,157,0, 0)
(342,209,0, 0)
(62,53,0, 0)
(91,126,0, 0)
(518,65,1, 0)
(105,140,0, 0)
(424,127,0, 0)
(390,121,0, 0)
(425,328,0, 0)
(176,23,0, 0)
(669,94,0, 0)
(229,206,0, 0)
(264,158,0, 0)
(599,428,1, 0)
(363,175,0, 0)
(587,567,0, 0)
(85,578,0, 0)
(686,568,0, 0)
(195,83,0, 0)
(411,312,0, 0)
(418,96,1, 0)
(581,62,0, 0)
(536,218,0, 0)
(672,273,1, 0)
(584,560,0, 0)
(281,74,0, 0)
(335,172,0, 0)
(639,567,0, 0)
(634,98,0, 0)
(586,187,1, 0)
(735,35,0, 0)
(121,275,0, 0)
(138,209,0, 0)
(298,78,0, 0)
(623,425,1, 0)
(257,377,0, 0)
(222,415,0, 0)
(265,17,0, 0)
(757,321,0, 0)
(337,264,0, 0)
(191,248,0, 0)
(634,540,0, 0)
(291,273,0, 0)
(373,72,1, 0)
(555,151,1, 0)
(458,180,0, 0)
(102,425,0, 0)
(262,368,0, 0)
(45,161,0, 0)
(784,539,0, 0)
(138,209,0, 0)
(707,93,0, 0)
(283,223,0, 0)
(196,56,0, 0)
(732,230,0, 0)
(181,61,0, 0)
(598,219,0, 0)
(497,20,0, 0)
(558,386,1, 0)
(633,576,0, 0)
(260,384,0, 0)
(116,182,0, 0)
(241,85,0, 0)
(594,395,1, 0)
(148,458,0, 0)
(275,463,0, 0)
(243,93,0, 0)
(677,399,0, 0)
(644,117,0, 0)
(705,584,0, 0)
(753,295,0, 0)
(338,544,0, 0)
(374,136,0, 0)
(563,417,1, 0)
(692,459,0, 0)
(480,411,0, 0)
(75,500,0, 0)
(77,231,0, 0)
(182,16,0, 0)
(149,479,0, 0)
(589,540,0, 0)
(405,235,0, 0)
(763,58,0, 0)
(253,21,0, 0)
(535,75,1, 0)
(222,130,0, 0)
(277,83,0, 0)
(502,51,1, 0)
(121,23,0, 0)
(673,381,1, 0)
(271,347,0, 0)
(30,309,0, 0)
(74,508,0, 0)
(337,289,0, 0)
(736,220,0, 0)
(106,136,0, 0)
(482,182,0, 0)
(551,366,0, 0)
(340,433,0, 0)
(548,429,1, 0)
(743,169,0, 0)
(344,267,0, 0)
(452,381,0, 0)
(613,493,0, 0)
(289,80,0, 0)
(381,509,0, 0)
(315,63,0, 0)
(419,185,0, 0)
(586,243,0, 0)
(254,218,0, 0)
(316,75,0, 0)
(323,582,0, 0)
(702,411,0, 0)
(600,557,0, 0)
(725,582,0, 0)
(729,36,0, 0)
(685,182,0, 0)
(442,62,1, 0)
(678,415,0, 0)
(477,478,0, 0)
(181,118,0, 0)
(637,127,1, 0)
(395,353,0, 0)
(622,537,0, 0)
(405,496,0, 0)
(479,550,0, 0)
(703,557,0, 0)
(767,53,0, 0)
(567,574,0, 0)
(566,84,1, 0)
(224,519,0, 0)
(22,518,0, 0)
(417,99,1, 0)
(411,136,0, 0)
(317,194,0, 0)
(248,568,0, 0)
(470,459,0, 0)
(575,25,0, 0)
(714,365,0, 0)
(160,508,0, 0)
(154,42,0, 0)
(20,202,0, 0)
(358,278,0, 0)
(645,172,1, 0)
(589,494,1, 0)
(122,66,0, 0)
(405,460,0, 0)
(648,95,0, 0)
(550,341,0, 0)
(361,450,0, 0)
(634,401,1, 0)
(703,20,0, 0)
(600,147,1, 0)
(388,249,0, 0)
(268,451,0, 0)
(234,565,0, 0)
(384,374,0, 0)
(649,307,1, 0)
(492,269,0, 0)
(418,346,0, 0)
(697,498,0, 0)
(699,280,0, 0)
(336,524,0, 0)
(332,362,0, 0)
(666,428,0, 0)
(574,422,1, 0)
(275,548,0, 0)
(152,74,0, 0)
(772,526,0, 0)
(398,245,0, 0)
(396,399,0, 0)
(123,183,0, 0)
(75,483,0, 0)
(730,565,0, 0)
(17,333,0, 0)
(395,349,0, 0)
(715,238,0, 0)
(46,190,0, 0)
(106,398,0, 0)
(592,374,1, 0)
(268,145,0, 0)
(658,373,1, 0)
(418,511,0, 0)
(53,325,0, 0)
(115,112,0, 0)
(186,561,0, 0)
(558,102,1, 0)
(459,153,0, 0)
(235,290,0, 0)
(189,47,0, 0)
(59,544,0, 0)
(268,313,0, 0)
(733,113,0, 0)
(78,189,0, 0)
(155,147,0, 0)
(598,334,1, 0)
(183,329,0, 0)
(361,419,0, 0)
(330,409,0, 0)
(347,247,0, 0)
(151,472,0, 0)
(60,123,0, 0)
(385,535,0, 0)
(249,458,0, 0)
(212,438,0, 0)
(441,219,0, 0)
(283,559,0, 0)
(16,418,0, 0)
(212,516,0, 0)
(704,329,0, 0)
(135,213,0, 0)
(779,392,0, 0)
(761,492,0, 0)
(412,143,0, 0)
(512,343,0, 0)
(77,492,0, 0)
(339,31,0, 0)
(367,100,1, 0)
(75,162,0, 0)
(395,274,0, 0)
(315,216,0, 0)
(483,543,0, 0)
(712,518,0, 0)
(388,151,0, 0)
(68,310,0, 0)
(276,415,0, 0)
(317,566,0, 0)
(326,523,0, 0)
(743,390,0, 0)
(609,427,1, 0)
(641,64,0, 0)
(652,168,1, 0)
(744,535,0, 0)
(575,498,0, 0)
(225,263,0, 0)
(152,384,0, 0)
(113,525,0, 0)
(500,364,0, 0)
(747,114,0, 0)
(601,385,1, 0)
(762,322,0, 0)
(71,102,0, 0)
(696,32,0, 0)
(61,287,0, 0)
(160,123,0, 0)
(208,234,0, 0)
(56,66,0, 0)
(686,22,0, 0)
(140,151,0, 0)
(301,82,0, 0)
(36,475,0, 0)
(210,367,0, 0)
(595,561,0, 0)
(233,236,0, 0)
(764,333,0, 0)
(558,194,0, 0)
(58,48,0, 0)
(751,371,0, 0)
(57,161,0, 0)
(589,559,0, 0)
(292,85,0, 0)
(174,317,0, 0)
(713,148,0, 0)
(511,470,0, 0)
(766,325,0, 0)
(641,270,1, 0)
(314,180,0, 0)
(280,362,0, 0)
(696,171,0, 0)
(118,27,0, 0)
(144,32,0, 0)
(92,432,0, 0)
(575,382,1, 0)
(665,525,0, 0)
(215,401,0, 0)
(477,80,1, 0)
(493,504,0, 0)
(243,208,0, 0)
(115,584,0, 0)
(719,575,0, 0)
(323,236,0, 0)
(413,503,0, 0)
(561,294,0, 0)
(785,467,0, 0)
(563,454,1, 0)
(718,130,0, 0)
(600,558,0, 0)
(292,184,0, 0)
(769,383,0, 0)
(393,324,0, 0)
(99,161,0, 0)
(115,274,0, 0)
(582,447,1, 0)
(275,50,0, 0)
(225,208,0, 0)
(346,158,0, 0)
(666,134,0, 0)
(431,243,0, 0)
(368,509,0, 0)
(205,57,0, 0)
(694,436,0, 0)
(167,365,0, 0)
(432,255,0, 0)
(575,271,0, 0)
(53,401,0, 0)
(524,509,0, 0)
(508,450,0, 0)
(120,371,0, 0)
(460,477,0, 0)
(110,37,0, 0)
(654,524,0, 0)
(337,452,0, 0)
(629,152,1, 0)
(332,346,0, 0)
(444,206,0, 0)
(763,279,0, 0)
(410,209,0, 0)
(625,260,1, 0)
(703,572,0, 0)
(667,418,1, 0)
(349,561,0, 0)
(251,414,0, 0)
(522,535,0, 0)
(226,132,0, 0)
(236,205,0, 0)
(40,413,0, 0)
(539,323,0, 0)
(353,412,0, 0)
(358,258,0, 0)
(83,371,0, 0)
(26,518,0, 0)
(474,233,0, 0)
(398,199,0, 0)
(779,227,0, 0)
(87,584,0, 0)
(293,550,0, 0)
(618,21,0, 0)
(321,505,0, 0)
(648,365,1, 0)
(111,335,0, 0)
(547,186,0, 0)
(428,331,0, 0)
(75,450,0, 0)
(342,523,0, 0)
(180,468,0, 0)
(166,276,0, 0)
(770,224,0, 0)
(361,282,0, 0)
(487,183,0, 0)
(554,110,1, 0)
(86,530,0, 0)
(82,546,0, 0)
(259,408,0, 0)
(50,177,0, 0)
(556,247,0, 0)
(771,87,0, 0)
(31,490,0, 0)
(674,424,0, 0)
(139,385,0, 0)
(556,107,1, 0)
(421,540,0, 0)
(553,20,0, 0)
(348,460,0, 0)
(330,387,0, 0)
(543,147,1, 0)
(272,242,0, 0)
(601,45,0, 0)
(698,159,0, 0)
(42,399,0, 0)
(159,563,0, 0)
(312,213,0, 0)
(620,156,1, 0)
(389,529,0, 0)
(712,319,0, 0)
(37,443,0, 0)
(774,187,0, 0)
(686,52,0, 0)
(221,310,0, 0)
(301,543,0, 0)
(246,374,0, 0)
(448,398,0, 0)
(48,369,0, 0)
(653,197,0, 0)
(513,431,0, 0)
(535,354,0, 0)
(234,66,0, 0)
(626,474,0, 0)
(766,40,0, 0)
(160,179,0, 0)
(731,564,0, 0)
(513,299,0, 0)
(107,15,0, 0)
(665,347,1, 0)
(409,93,1, 0)
(736,430,0, 0)
(506,278,0, 0)
(115,453,0, 0)
(528,255,0, 0)
(600,112,1, 0)
(593,514,0, 0)
(409,356,0, 0)
(638,201,0, 0)
(746,503,0, 0)
(140,584,0, 0)
(745,436,0, 0)
(584,561,0, 0)
(334,538,0, 0)
(80,139,0, 0)
(127,189,0, 0)
(110,129,0, 0)
(219,18,0, 0)
(290,283,0, 0)
(202,203,0, 0)
(416,482,0, 0)
(745,342,0, 0)
(564,134,1, 0)
(189,233,0, 0)
(573,578,0, 0)
(70,132,0, 0)
(118,510,0, 0)
(525,154,0, 0)
(590,84,1, 0)
(45,163,0, 0)
(152,200,0, 0)
(141,526,0, 0)
(113,57,0, 0)
(177,477,0, 0)
(176,245,0, 0)
(197,76,0, 0)
(267,431,0, 0)
(484,488,0, 0)
(245,98,0, 0)
(308,140,0, 0)
(167,166,0, 0)
(118,437,0, 0)
(333,218,0, 0)
(84,68,0, 0)
(611,432,1, 0)
(607,469,1, 0)
(749,409,0, 0)
(36,121,0, 0)
(743,173,0, 0)
(731,216,0, 0)
(138,17,0, 0)
(81,399,0, 0)
(195,392,0, 0)
(319,322,0, 0)
(216,221,0, 0)
(44,131,0, 0)
(402,556,0, 0)
(461,529,0, 0)
(320,315,0, 0)
(629,465,0, 0)
(756,317,0, 0)
(102,275,0, 0)
(110,118,0, 0)
(665,382,1, 0)
(475,265,0, 0)
(328,183,0, 0)
(664,39,0, 0)
(470,143,0, 0)
(109,513,0, 0)
(706,409,0, 0)
(239,420,0, 0)
(436,273,0, 0)
(540,575,0, 0)
(165,561,0, 0)
(556,35,0, 0)
(781,368,0, 0)
(20,178,0, 0)
(308,386,0, 0)
(704,553,0, 0)
(760,190,0, 0)
(215,349,0, 0)
(68,294,0, 0)
(467,469,0, 0)
(109,81,0, 0)
(615,276,1, 0)
(67,574,0, 0)
(288,484,0, 0)
(45,467,0, 0)
(161,100,0, 0)
(603,566,0, 0)
(252,232,0, 0)
(453,557,0, 0)
(432,323,0, 0)
(45,504,0, 0)
(627,529,0, 0)
(783,191,0, 0)
(65,455,0, 0)
(729,575,0, 0)
(354,450,0, 0)
(256,228,0, 0)
(454,544,0, 0)
(431,218,0, 0)
(444,33,1, 0)
(561,228,0, 0)
(307,382,0, 0)
(420,311,0, 0)
(646,32,0, 0)
(701,367,0, 0)
(504,153,0, 0)
(762,203,0, 0)
(564,424,1, 0)
(240,557,0, 0)
(353,100,0, 0)
(172,381,0, 0)
(240,508,0, 0)
(491,290,0, 0)
(428,511,0, 0)
(176,493,0, 0)
(505,583,0, 0)
(648,383,1, 0)
(32,476,0, 0)
(112,372,0, 0)
(362,115,0, 0)
(445,390,0, 0)
(414,318,0, 0)
(256,68,0, 0)
(632,370,1, 0)
(314,326,0, 0)
(509,461,0, 0)
(532,29,0, 0)
(440,367,0, 0)
(324,37,0, 0)
(554,77,1, 0)
(723,145,0, 0)
(276,412,0, 0)
(322,176,0, 0)
(161,309,0, 0)
(240,71,0, 0)
(255,383,0, 0)
(707,398,0, 0)
(708,45,0, 0)
(689,543,0, 0)
(642,193,0, 0)
(755,101,0, 0)
(634,205,0, 0)
(387,219,0, 0)
(529,147,0, 0)
(22,275,0, 0)
(687,212,0, 0)
(84,291,0, 0)
(405,257,0, 0)
(323,178,0, 0)
(101,565,0, 0)
(684,218,0, 0)
(426,453,0, 0)
(38,415,0, 0)
(188,202,0, 0)
(375,529,0, 0)
(491,113,1, 0)
(398,107,1, 0)
(479,361,0, 0)
(606,568,0, 0)
(606,308,1, 0)
(296,374,0, 0)
(779,96,0, 0)
(267,571,0, 0)
(43,229,0, 0)
(461,131,1, 0)
(527,445,0, 0)
(113,471,0, 0)
(738,245,0, 0)
(372,235,0, 0)
(535,468,1, 0)
(545,33,0, 0)
(767,393,0, 0)
(217,329,0, 0)
(290,482,0, 0)
(473,544,0, 0)
(250,297,0, 0)
(329,33,0, 0)
(51,577,0, 0)
(36,572,0, 0)
(91,241,0, 0)
(88,49,0, 0)
(623,374,1, 0)
(226,551,0, 0)
(145,304,0, 0)
(767,489,0, 0)
(759,88,0, 0)
(615,313,1, 0)
(475,323,0, 0)
(537,208,0, 0)
(277,162,0, 0)
(78,447,0, 0)
(173,338,0, 0)
(506,559,0, 0)
(539,358,0, 0)
(540,162,1, 0)
(558,461,1, 0)
(751,82,0, 0)
(174,552,0, 0)
(199,559,0, 0)
(745,537,0, 0)
(131,43,0, 0)
(213,244,0, 0)
(492,175,0, 0)
(60,402,0, 0)
(434,249,0, 0)
(92,55,0, 0)
(383,298,0, 0)
(648,227,1, 0)
(142,524,0, 0)
(770,190,0, 0)
(730,459,0, 0)
(464,583,0, 0)
(712,227,0, 0)
(251,187,0, 0)
(480,535,0, 0)
(780,158,0, 0)
(697,403,0, 0)
(39,568,0, 0)
(336,365,0, 0)
(170,180,0, 0)
(526,367,0, 0)
(185,85,0, 0)
(569,331,0, 0)
(94,108,0, 0)
(205,142,0, 0)
(669,23,0, 0)
(470,86,1, 0)
(34,76,0, 0)
(300,128,0, 0)
(213,370,0, 0)
(493,296,0, 0)
(600,511,0, 0)
(568,166,1, 0)
(618,168,1, 0)
(141,555,0, 0)
(618,393,1, 0)
(178,82,0, 0)
(276,445,0, 0)
(386,557,0, 0)
(81,414,0, 0)
(76,250,0, 0)
(56,354,0, 0)
(773,307,0, 0)
(648,384,1, 0)
(106,295,0, 0)
(255,210,0, 0)
(506,361,0, 0)
(636,442,1, 0)
(325,381,0, 0)
(560,135,1, 0)
(160,95,0, 0)
(294,323,0, 0)
(436,81,1, 0)
(355,420,0, 0)
(188,524,0, 0)
(630,399,1, 0)
(220,197,0, 0)
(770,338,0, 0)
(444,242,0, 0)
(475,181,0, 0)
(590,346,1, 0)
(383,483,0, 0)
(692,584,0, 0)
(763,79,0, 0)
(34,465,0, 0)
(100,188,0, 0)
(537,146,1, 0)
(415,103,1, 0)
(699,351,0, 0)
(683,69,0, 0)
(154,58,0, 0)
(418,312,0, 0)
(631,60,0, 0)
(61,549,0, 0)
(536,412,0, 0)
(729,343,0, 0)
(185,327,0, 0)
(624,127,1, 0)
(186,357,0, 0)
(624,466,0, 0)
(548,249,0, 0)
(318,358,0, 0)
(153,310,0, 0)
(718,522,0, 0)
(759,478,0, 0)
(152,413,0, 0)
(528,416,0, 0)
(265,292,0, 0)
(634,417,1, 0)
(210,115,0, 0)
(769,428,0, 0)
(565,334,0, 0)
(419,572,0, 0)
(355,400,0, 0)
(628,368,1, 0)
(154,506,0, 0)
(240,147,0, 0)
(186,31,0, 0)
(264,376,0, 0)
(431,310,0, 0)
(34,70,0, 0)
(26,553,0, 0)
(526,421,0, 0)
(229,433,0, 0)
(336,343,0, 0)
(325,382,0, 0)
(758,583,0, 0)
(445,222,0, 0)
(64,361,0, 0)
(259,563,0, 0)
(621,148,1, 0)
(223,467,0, 0)
(280,457,0, 0)
(130,207,0, 0)
(623,479,0, 0)
(211,566,0, 0)
(248,234,0, 0)
(763,71,0, 0)
(142,447,0, 0)
(594,419,1, 0)
(778,179,0, 0)
(576,130,1, 0)
(280,327,0, 0)
(496,330,0, 0)
(234,139,0, 0)
(116,287,0, 0)
(538,92,1, 0)
(460,330,0, 0)
(245,258,0, 0)
(31,81,0, 0)
(526,407,0, 0)
(571,283,0, 0)
(223,423,0, 0)
(158,209,0, 0)
(172,221,0, 0)
(714,72,0, 0)
(736,552,0, 0)
(535,381,0, 0)
(87,100,0, 0)
(580,266,0, 0)
(745,193,0, 0)
(714,365,0, 0)
(534,170,0, 0)
(634,62,0, 0)
(349,585,0, 0)
(479,284,0, 0)
(204,78,0, 0)
(418,557,0, 0)
(420,91,1, 0)
(42,210,0, 0)
(609,316,1, 0)
(82,556,0, 0)
(597,100,1, 0)
(325,86,0, 0)
(54,429,0, 0)
(570,407,1, 0)
(44,204,0, 0)
(654,368,1, 0)
(709,121,0, 0)
(727,501,0, 0)
(244,280,0, 0)
(735,161,0, 0)
(503,449,0, 0)
(662,533,0, 0)
(249,470,0, 0)
(290,361,0, 0)
(165,555,0, 0)
(137,176,0, 0)
(662,390,1, 0)
(331,122,0, 0)
(180,390,0, 0)
(696,534,0, 0)
(766,555,0, 0)
(734,202,0, 0)
(774,102,0, 0)
(244,356,0, 0)
(446,200,0, 0)
(175,549,0, 0)
(689,190,0, 0)
(465,329,0, 0)
(149,353,0, 0)
(250,171,0, 0)
(260,442,0, 0)
(310,467,0, 0)
(755,279,0, 0)
(714,302,0, 0)
(608,429,1, 0)
(292,407,0, 0)
(781,393,0, 0)
(395,578,0, 0)
(698,445,0, 0)
(765,358,0, 0)
(493,517,0, 0)
(382,410,0, 0)
(287,513,0, 0)
(567,284,0, 0)
(257,262,0, 0)
(324,235,0, 0)
(455,248,0, 0)
(322,340,0, 0)
(216,307,0, 0)
(393,110,1, 0)
(34,510,0, 0)
(552,249,0, 0)
(119,318,0, 0)
(581,75,1, 0)
(129,52,0, 0)
(171,378,0, 0)
(460,466,0, 0)
(586,38,0, 0)
(599,329,1, 0)
(693,500,0, 0)
(324,477,0, 0)
(770,301,0, 0)
(367,432,0, 0)
(733,63,0, 0)
(582,73,1, 0)
(635,41,0, 0)
(52,503,0, 0)
(748,220,0, 0)
(565,534,0, 0)
(279,130,0, 0)
(706,349,0, 0)
(439,158,0, 0)
(485,193,0, 0)
(223,470,0, 0)
(653,236,1, 0)
(50,397,0, 0)
(159,170,0, 0)
(573,215,0, 0)
(216,195,0, 0)
(235,19,0, 0)
(674,134,0, 0)
(57,339,0, 0)
(614,526,0, 0)
(194,410,0, 0)
(680,288,1, 0)
(373,194,0, 0)
(503,583,0, 0)
(99,43,0, 0)
(635,281,1, 0)
(81,50,0, 0)
(392,305,0, 0)
(710,158,0, 0)
(477,89,1, 0)
(771,497,0, 0)
(773,378,0, 0)
(565,338,0, 0)
(579,324,0, 0)
(220,192,0, 0)
(765,471,0, 0)
(59,119,0, 0)
(727,390,0, 0)
(269,129,0, 0)
(192,439,0, 0)
(393,108,1, 0)
(122,579,0, 0)
(56,348,0, 0)
(625,343,1, 0)
(54,433,0, 0)
(235,177,0, 0)
(593,574,0, 0)
(291,24,0, 0)
(684,403,0, 0)
(752,574,0, 0)
(514,524,0, 0)
(652,425,1, 0)
(91,580,0, 0)
(630,103,0, 0)
(514,350,0, 0)
(255,346,0, 0)
(342,380,0, 0)
(203,37,0, 0)
(627,348,1, 0)
(500,184,0, 0)
(168,262,0, 0)
(632,177,1, 0)
(384,287,0, 0)
(469,256,0, 0)
(509,98,1, 0)
(465,415,0, 0)
(402,71,1, 0)
(55,203,0, 0)
(204,139,0, 0)
(720,435,0, 0)
(420,209,0, 0)
(596,378,1, 0)
(678,58,0, 0)
(163,115,0, 0)
(432,568,0, 0)
(530,153,0, 0)
(21,375,0, 0)
(422,324,0, 0)
(154,228,0, 0)
(430,297,0, 0)
(26,362,0, 0)
(617,80,0, 0)
(378,288,0, 0)
(388,467,0, 0)
(176,190,0, 0)
(391,32,0, 0)
(627,345,1, 0)
(777,148,0, 0)
(272,193,0, 0)
(527,385,0, 0)
(547,480,1, 0)
(355,345,0, 0)
(225,381,0, 0)
(487,373,0, 0)
(19,519,0, 0)
(629,290,1, 0)
(755,260,0, 0)
(713,232,0, 0)
(602,228,0, 0)
(59,15,0, 0)
(372,555,0, 0)
(635,548,0, 0)
(310,30,0, 0)
(551,311,0, 0)
(305,460,0, 0)
(719,533,0, 0)
(196,465,0, 0)
(455,270,0, 0)
(778,225,0, 0)
(479,53,1, 0)
(187,385,0, 0)
(589,516,0, 0)
(108,256,0, 0)
(210,578,0, 0)
(52,339,0, 0)
(685,554,0, 0)
(529,547,0, 0)
(633,105,0, 0)
(743,563,0, 0)
(356,337,0, 0)
(727,253,0, 0)
(387,275,0, 0)
(580,117,1, 0)
(676,303,1, 0)
(779,333,0, 0)
(612,187,1, 0)
(682,99,0, 0)
(405,296,0, 0)
(556,389,0, 0)
(730,369,0, 0)
(260,88,0, 0)
(376,24,0, 0)
(708,88,0, 0)
(644,574,0, 0)
(672,499,0, 0)
(555,501,1, 0)
(648,225,1, 0)
(641,582,0, 0)
(579,243,0, 0)
(662,240,1, 0)
(181,38,0, 0)
(280,340,0, 0)
(615,380,1, 0)
(18,174,0, 0)
(93,415,0, 0)
(158,218,0, 0)
(680,155,0, 0)
(690,300,1, 0)
(582,102,1, 0)
(511,49,1, 0)
(409,511,0, 0)
(317,256,0, 0)
(62,359,0, 0)
(609,33,0, 0)
(193,355,0, 0)
(357,526,0, 0)
(197,93,0, 0)
(434,287,0, 0)
(671,332,1, 0)
(614,393,1, 0)
(58,356,0, 0)
(215,375,0, 0)
(268,239,0, 0)
(278,562,0, 0)
(157,105,0, 0)
(291,340,0, 0)
(478,184,0, 0)
(696,240,0, 0)
(692,481,0, 0)
(557,395,1, 0)
(548,94,1, 0)
(452,329,0, 0)
(721,447,0, 0)
(640,493,0, 0)
(126,476,0, 0)
(460,74,1, 0)
(39,335,0, 0)
(414,262,0, 0)
(253,300,0, 0)
(437,492,0, 0)
(352,567,0, 0)
(697,427,0, 0)
(228,209,0, 0)
(508,179,0, 0)
(430,86,1, 0)
(273,136,0, 0)
(73,584,0, 0)
(542,146,1, 0)
(41,320,0, 0)
(684,274,1, 0)
(115,29,0, 0)
(140,434,0, 0)
(304,577,0, 0)
(618,252,1, 0)
(614,254,1, 0)
(686,332,1, 0)
(396,93,1, 0)
(299,112,0, 0)
(330,188,0, 0)
(97,228,0, 0)
(650,360,1, 0)
(110,241,0, 0)
(777,59,0, 0)
(187,390,0, 0)
(331,40,0, 0)
(701,562,0, 0)
(758,365,0, 0)
(36,578,0, 0)
(451,444,0, 0)
(568,572,0, 0)
(231,454,0, 0)
(469,170,0, 0)
(420,550,0, 0)
(313,343,0, 0)
(592,486,1, 0)
(504,559,0, 0)
(389,335,0, 0)
(662,450,0, 0)
(18,24,0, 0)
(124,132,0, 0)
(526,545,0, 0)
(470,354,0, 0)
(22,168,0, 0)
(481,118,1, 0)
(187,334,0, 0)
(753,310,0, 0)
(222,235,0, 0)
(534,268,0, 0)
(335,551,0, 0)
(610,344,1, 0)
(195,134,0, 0)
(774,393,0, 0)
(687,578,0, 0)
(381,64,0, 0)
(199,167,0, 0)
(532,34,0, 0)
(181,136,0, 0)
(616,501,0, 0)
(199,145,0, 0)
(599,442,1, 0)
(317,376,0, 0)
(751,306,0, 0)
(436,136,1, 0)
(253,553,0, 0)
(37,145,0, 0)
(718,327,0, 0)
(522,97,1, 0)
(379,359,0, 0)
(266,118,0, 0)
(478,21,0, 0)
(323,432,0, 0)
(267,18,0, 0)
(46,32,0, 0)
(763,19,0, 0)
(762,286,0, 0)
(48,157,0, 0)
(668,368,1, 0)
(677,559,0, 0)
(505,553,0, 0)
(274,387,0, 0)
(480,544,0, 0)
(359,83,1, 0)
(688,41,0, 0)
(555,158,1, 0)
(226,50,0, 0)
(423,254,0, 0)
(577,71,1, 0)
(58,452,0, 0)
(484,181,0, 0)
(336,517,0, 0)
(136,223,0, 0)
(17,517,0, 0)
(222,476,0, 0)
(703,432,0, 0)
(103,398,0, 0)
(685,459,0, 0)
(164,308,0, 0)
(599,555,0, 0)
(477,122,1, 0)
(70,293,0, 0)
(168,130,0, 0)
(644,138,0, 0)
(419,67,1, 0)
(653,358,1, 0)
(480,155,0, 0)
(137,354,0, 0)
(161,324,0, 0)
(586,527,0, 0)
(670,506,0, 0)
(523,380,0, 0)
(623,423,1, 0)
(481,565,0, 0)
(419,565,0, 0)
(644,265,1, 0)
(363,219,0, 0)
(532,18,0, 0)
(280,334,0, 0)
(749,584,0, 0)
(728,146,0, 0)
(162,331,0, 0)
(387,414,0, 0)
(720,199,0, 0)
(538,252,0, 0)
(365,378,0, 0)
(456,87,1, 0)
(783,20,0, 0)
(69,167,0, 0)
(174,453,0, 0)
(646,87,0, 0)
(708,27,0, 0)
(691,461,0, 0)
(299,42,0, 0)
(143,42,0, 0)
(352,49,0, 0)
(135,222,0, 0)
(64,347,0, 0)
(424,459,0, 0)
(588,196,1, 0)
(770,282,0, 0)
(445,164,0, 0)
(509,467,0, 0)
(544,215,0, 0)
(509,43,1, 0)
(372,438,0, 0)
(128,183,0, 0)
(639,368,1, 0)
(325,553,0, 0)
(572,465,1, 0)
(672,536,0, 0)
(461,26,1, 0)
(75,366,0, 0)
(530,250,0, 0)
(753,321,0, 0)
(668,510,0, 0)
(405,450,0, 0)
(554,394,1, 0)
(68,338,0, 0)
(92,555,0, 0)
(588,530,0, 0)
(161,439,0, 0)
(601,397,1, 0)
(681,433,0, 0)
(84,79,0, 0)
(267,259,0, 0)
(247,128,0, 0)
(595,236,0, 0)
(31,405,0, 0)
(566,546,0, 0)
(235,142,0, 0)
(209,352,0, 0)
(280,174,0, 0)
(468,406,0, 0)
(125,51,0, 0)
(614,337,1, 0)
(116,110,0, 0)
(782,109,0, 0)
(776,199,0, 0)
(728,540,0, 0)
(109,127,0, 0)
(347,504,0, 0)
(771,488,0, 0)
(336,450,0, 0)
(538,441,1, 0)
(671,46,0, 0)
(299,395,0, 0)
(680,432,0, 0)
(294,253,0, 0)
(330,360,0, 0)
(472,194,0, 0)
(115,548,0, 0)
(485,377,0, 0)
(272,571,0, 0)
(384,40,1, 0)
(184,290,0, 0)
(23,66,0, 0)
(109,351,0, 0)
(514,364,0, 0)
(513,383,0, 0)
(334,459,0, 0)
(534,108,1, 0)
(335,185,0, 0)
(412,109,1, 0)
(739,261,0, 0)
(350,369,0, 0)
(189,525,0, 0)
(37,227,0, 0)
(315,402,0, 0)
(429,127,1, 0)
(299,421,0, 0)
(287,340,0, 0)
(77,257,0, 0)
(562,357,0, 0)
(734,98,0, 0)
(319,508,0, 0)
(692,134,0, 0)
(450,431,0, 0)
(781,183,0, 0)
(329,541,0, 0)
(519,90,1, 0)
(37,467,0, 0)
(122,315,0, 0)
(427,507,0, 0)
(254,511,0, 0)
(766,501,0, 0)
(779,215,0, 0)
(731,176,0, 0)
(183,199,0, 0)
(667,551,0, 0)
(782,540,0, 0)
(295,77,0, 0)
(117,254,0, 0)
(98,316,0, 0)
(576,373,1, 0)
(686,33,0, 0)
(447,155,0, 0)
(44,281,0, 0)
(485,408,0, 0)
(721,188,0, 0)
(720,442,0, 0)
(551,267,0, 0)
(130,55,0, 0)
(350,485,0, 0)
(440,167,0, 0)
(109,448,0, 0)
(674,550,0, 0)
(637,121,0, 0)
(439,80,1, 0)
(22,187,0, 0)
(255,445,0, 0)
(774,90,0, 0)
(784,453,0, 0)
(538,370,0, 0)
(242,538,0, 0)
(669,385,1, 0)
(193,415,0, 0)
(29,505,0, 0)
(388,77,1, 0)
(491,51,1, 0)
(396,480,0, 0)
(652,280,1, 0)
(502,375,0, 0)
(290,443,0, 0)
(43,190,0, 0)
(719,296,0, 0)
(446,508,0, 0)
(720,61,0, 0)
(272,457,0, 0)
(432,231,0, 0)
(378,35,0, 0)
(421,502,0, 0)
(694,557,0, 0)
(466,32,0, 0)
(348,310,0, 0)
(273,249,0, 0)
(200,245,0, 0)
(149,535,0, 0)
(143,385,0, 0)
(373,141,0, 0)
(548,126,1, 0)
(23,235,0, 0)
(25,266,0, 0)
(181,421,0, 0)
(127,403,0, 0)
(311,126,0, 0)
(109,350,0, 0)
(568,227,0, 0)
(232,55,0, 0)
(380,522,0, 0)
(430,505,0, 0)
(277,231,0, 0)
(587,32,0, 0)
(408,500,0, 0)
(324,333,0, 0)
(521,533,0, 0)
(291,298,0, 0)
(117,557,0, 0)
(555,52,1, 0)
(148,281,0, 0)
(146,116,0, 0)
(136,392,0, 0)
(164,320,0, 0)
(414,72,1, 0)
(284,474,0, 0)
(50,472,0, 0)
(490,543,0, 0)
(97,221,0, 0)
(570,448,1, 0)
(662,265,1, 0)
(706,513,0, 0)
(601,469,1, 0)
(705,409,0, 0)
(82,566,0, 0)
(193,466,0, 0)
(310,84,0, 0)
(776,449,0, 0)
(85,64,0, 0)
(200,460,0, 0)
(325,567,0, 0)
(656,50,0, 0)
(378,122,1, 0)
(159,130,0, 0)
(328,195,0, 0)
(516,70,1, 0)
(213,23,0, 0)
(71,113,0, 0)
(424,295,0, 0)
(106,474,0, 0)
(529,522,0, 0)
(15,116,0, 0)
(377,144,0, 0)
(398,513,0, 0)
(79,382,0, 0)
(291,166,0, 0)
(228,366,0, 0)
(59,265,0, 0)
(718,436,0, 0)
(717,378,0, 0)
(540,466,1, 0)
(81,54,0, 0)
(27,201,0, 0)
(395,454,0, 0)
(667,568,0, 0)
(778,232,0, 0)
(90,485,0, 0)
(165,412,0, 0)
(333,28,0, 0)
(508,209,0, 0)
(64,571,0, 0)
(196,211,0, 0)
(662,154,0, 0)
(236,103,0, 0)
(252,112,0, 0)
(628,426,1, 0)
(188,165,0, 0)
(448,53,1, 0)
(32,546,0, 0)
(665,61,0, 0)
(662,152,0, 0)
(671,279,1, 0)
(179,133,0, 0)
(688,82,0, 0)
(57,47,0, 0)
(331,200,0, 0)
(167,578,0, 0)
(312,404,0, 0)
(16,49,0, 0)
(56,310,0, 0)
(725,428,0, 0)
(510,226,0, 0)
(183,180,0, 0)
(166,494,0, 0)
(208,131,0, 0)
(625,224,0, 0)
(765,413,0, 0)
(373,272,0, 0)
(186,198,0, 0)
(313,168,0, 0)
(621,183,1, 0)
(435,33,1, 0)
(161,168,0, 0)
(313,90,0, 0)
(81,396,0, 0)
(228,563,0, 0)
(408,394,0, 0)
(64,150,0, 0)
(397,407,0, 0)
(206,281,0, 0)
(764,176,0, 0)
(314,458,0, 0)
(493,250,0, 0)
(138,160,0, 0)
(302,527,0, 0)
(160,139,0, 0)
(502,62,1, 0)
(730,134,0, 0)
(332,178,0, 0)
(191,68,0, 0)
(462,504,0, 0)
(742,373,0, 0)
(258,533,0, 0)
(413,408,0, 0)
(497,579,0, 0)
(302,376,0, 0)
(644,246,1, 0)
(680,248,1, 0)
(760,69,0, 0)
(528,410,0, 0)
(353,231,0, 0)
(534,518,0, 0)
(31,49,0, 0)
(220,296,0, 0)
(148,255,0, 0)
(524,468,1, 0)
(558,113,1, 0)
(341,302,0, 0)
(335,165,0, 0)
(437,347,0, 0)
(384,449,0, 0)
(134,540,0, 0)
(331,94,0, 0)
(224,213,0, 0)
(229,506,0, 0)
(537,198,0, 0)
(342,24,0, 0)
(498,106,1, 0)
(699,25,0, 0)
(451,317,0, 0)
(469,375,0, 0)
(458,147,0, 0)
(613,207,0, 0)
(560,449,1, 0)
(697,66,0, 0)
(292,39,0, 0)
(454,474,0, 0)
(292,528,0, 0)
(216,36,0, 0)
(609,528,0, 0)
(709,302,0, 0)
(433,423,0, 0)
(713,442,0, 0)
(498,476,0, 0)
(339,517,0, 0)
(741,37,0, 0)
(65,198,0, 0)
(376,229,0, 0)
(582,436,1, 0)
(130,569,0, 0)
(491,466,0, 0)
(699,396,0, 0)
(146,585,0, 0)
(589,457,1, 0)
(713,521,0, 0)
(302,157,0, 0)
(412,127,1, 0)
(748,326,0, 0)
(637,456,0, 0)
(48,156,0, 0)
(464,420,0, 0)
(584,139,1, 0)
(438,478,0, 0)
(225,301,0, 0)
(88,252,0, 0)
(303,437,0, 0)
(496,501,0, 0)
(15,272,0, 0)
(21,521,0, 0)
(635,196,0, 0)
(91,158,0, 0)
(635,230,1, 0)
(379,333,0, 0)
(241,144,0, 0)
(197,139,0, 0)
(327,440,0, 0)
(497,171,0, 0)
(232,296,0, 0)
(653,239,1, 0)
(615,265,1, 0)
(292,401,0, 0)
(106,84,0, 0)
(419,260,0, 0)
(380,374,0, 0)
(112,400,0, 0)
(567,418,1, 0)
(49,348,0, 0)
(425,511,0, 0)
(121,189,0, 0)
(750,420,0, 0)
(126,241,0, 0)
(744,529,0, 0)
(83,316,0, 0)
(709,15,0, 0)
(697,161,0, 0)
(742,60,0, 0)
(116,26,0, 0)
(142,182,0, 0)
(84,312,0, 0)
(214,519,0, 0)
(239,276,0, 0)
(713,393,0, 0)
(341,273,0, 0)
(507,136,1, 0)
(761,463,0, 0)
(80,310,0, 0)
(267,373,0, 0)
(259,133,0, 0)
(280,395,0, 0)
(168,575,0, 0)
(382,401,0, 0)
(67,278,0, 0)
(366,547,0, 0)
(392,188,0, 0)
(548,441,1, 0)
(509,263,0, 0)
(96,22,0, 0)
(550,104,1, 0)
(65,23,0, 0)
(31,292,0, 0)
(478,557,0, 0)
(778,451,0, 0)
(726,163,0, 0)
(27,561,0, 0)
(450,21,0, 0)
(609,423,1, 0)
(188,585,0, 0)
(152,237,0, 0)
(456,124,1, 0)
(716,472,0, 0)
(391,428,0, 0)
(38,38,0, 0)
(53,457,0, 0)
(528,433,1, 0)
(746,409,0, 0)
(672,325,1, 0)
(322,107,0, 0)
(641,198,0, 0)
(361,181,0, 0)
(65,534,0, 0)
(255,309,0, 0)
(685,38,0, 0)
(291,225,0, 0)
(321,347,0, 0)
(580,489,1, 0)
(764,167,0, 0)
(742,433,0, 0)
(195,98,0, 0)
(504,211,0, 0)
(103,321,0, 0)
(338,282,0, 0)
(595,229,0, 0)
(143,327,0, 0)
(436,436,0, 0)
(696,240,0, 0)
(91,122,0, 0)
(556,170,1, 0)
(368,344,0, 0)
(149,89,0, 0)
(27,428,0, 0)
(89,184,0, 0)
(326,37,0, 0)
(620,493,0, 0)
(438,35,1, 0)
(34,452,0, 0)
(359,286,0, 0)
(517,274,0, 0)
(251,280,0, 0)
(336,115,0, 0)
(666,443,0, 0)
(570,429,1, 0)
(692,198,0, 0)
(645,291,1, 0)
(532,223,0, 0)
(657,406,1, 0)
(398,91,1, 0)
(552,303,0, 0)
(769,248,0, 0)
(194,454,0, 0)
(410,530,0, 0)
(502,382,0, 0)
(197,268,0, 0)
(49,42,0, 0)
(152,541,0, 0)
(565,545,0, 0)
(526,102,1, 0)
(627,203,0, 0)
(620,42,0, 0)
(269,129,0, 0)
(50,53,0, 0)
(458,330,0, 0)
(546,572,0, 0)
(435,183,0, 0)
(181,152,0, 0)
(470,287,0, 0)
(414,568,0, 0)
(78,437,0, 0)
(224,271,0, 0)
(286,145,0, 0)
(540,381,0, 0)
(158,276,0, 0)
(659,159,0, 0)
(197,245,0, 0)
(480,140,1, 0)
(547,362,0, 0)
(23,554,0, 0)
(614,153,1, 0)
(715,533,0, 0)
(34,381,0, 0)
(137,494,0, 0)
(539,145,1, 0)
(194,275,0, 0)
(382,252,0, 0)
(131,182,0, 0)
(367,410,0, 0)
(91,369,0, 0)
(472,151,0, 0)
(441,301,0, 0)
(466,155,0, 0)
(489,223,0, 0)
(552,507,0, 0)
(328,446,0, 0)
(107,397,0, 0)
(784,573,0, 0)
(129,460,0, 0)
(323,242,0, 0)
(769,72,0, 0)
(620,424,1, 0)
(687,265,1, 0)
(782,415,0, 0)
(109,176,0, 0)
(697,218,0, 0)
(626,53,0, 0)
(328,40,0, 0)
(649,70,0, 0)
(369,270,0, 0)
(504,236,0, 0)
(170,451,0, 0)
(523,131,1, 0)
(508,375,0, 0)
(601,176,1, 0)
(427,297,0, 0)
(516,500,0, 0)
(507,69,1, 0)
(579,572,0, 0)
(684,69,0, 0)
(506,574,0, 0)
(587,579,0, 0)
(561,214,0, 0)
(67,41,0, 0)
(356,189,0, 0)
(620,54,0, 0)
(496,456,0, 0)
(741,116,0, 0)
(460,302,0, 0)
(436,472,0, 0)
(411,168,0, 0)
(575,486,1, 0)
(511,180,0, 0)
(326,365,0, 0)
(537,514,0, 0)
(18,320,0, 0)
(217,313,0, 0)
(548,368,0, 0)
(358,575,0, 0)
(472,331,0, 0)
(609,179,1, 0)
(485,276,0, 0)
(514,407,0, 0)
(616,78,0, 0)
(733,398,0, 0)
(749,516,0, 0)
(382,544,0, 0)
(340,227,0, 0)
(706,402,0, 0)
(254,128,0, 0)
(463,125,1, 0)
(234,293,0, 0)
(323,222,0, 0)
(562,293,0, 0)
(52,386,0, 0)
(699,257,0, 0)
(48,134,0, 0)
(213,365,0, 0)
(699,433,0, 0)
(258,39,0, 0)
(678,371,1, 0)
(309,355,0, 0)
(292,151,0, 0)
(277,65,0, 0)
(261,234,0, 0)
(760,349,0, 0)
(752,442,0, 0)
(290,55,0, 0)
(774,24,0, 0)
(429,63,1, 0)
(34,196,0, 0)
(334,359,0, 0)
(455,205,0, 0)
(135,171,0, 0)
(343,450,0, 0)
(553,550,0, 0)
(450,176,0, 0)
(220,285,0, 0)
(783,374,0, 0)
(631,424,1, 0)
(426,187,0, 0)
(682,317,1, 0)
(575,419,1, 0)
(556,25,0, 0)
(50,127,0, 0)
(372,169,0, 0)
(321,305,0, 0)
(74,379,0, 0)
(379,51,0, 0)
(196,491,0, 0)
(144,121,0, 0)
(608,157,1, 0)
(52,243,0, 0)
(153,169,0, 0)
(524,112,1, 0)
(689,517,0, 0)
(713,229,0, 0)
(526,230,0, 0)
(561,497,0, 0)
(358,259,0, 0)
(83,71,0, 0)
(239,353,0, 0)
(390,426,0, 0)
(86,555,0, 0)
(552,477,0, 0)
(173,520,0, 0)
(238,535,0, 0)
(686,100,0, 0)
(152,403,0, 0)
(16,529,0, 0)
(68,487,0, 0)
(545,30,0, 0)
(564,234,0, 0)
(32,483,0, 0)
(605,152,1, 0)
(636,532,0, 0)
(26,538,0, 0)
(782,442,0, 0)
(712,477,0, 0)
(226,373,0, 0)
(129,465,0, 0)
(404,555,0, 0)
(363,156,0, 0)
(252,358,0, 0)
(559,388,1, 0)
(462,292,0, 0)
(745,175,0, 0)
(350,213,0, 0)
(272,154,0, 0)
(202,369,0, 0)
(358,41,0, 0)
(232,341,0, 0)
(417,260,0, 0)
(268,303,0, 0)
(372,165,0, 0)
(633,48,0, 0)
(480,147,0, 0)
(732,267,0, 0)
(329,25,0, 0)
(686,330,1, 0)
(98,478,0, 0)
(489,223,0, 0)
(469,100,1, 0)
(701,67,0, 0)
(770,274,0, 0)
(617,502,0, 0)
(186,93,0, 0)
(94,473,0, 0)
(463,369,0, 0)
(325,512,0, 0)
(382,514,0, 0)
(344,38,0, 0)
(257,464,0, 0)
(558,254,0, 0)
(207,570,0, 0)
(638,274,1, 0)
(192,113,0, 0)
(740,489,0, 0)
(782,539,0, 0)
(135,472,0, 0)
(476,42,1, 0)
(316,493,0, 0)
(289,21,0, 0)
(431,83,1, 0)
(572,415,1, 0)
(692,211,0, 0)
(602,571,0, 0)
(709,374,0, 0)
(709,134,0, 0)
(204,284,0, 0)
(634,209,0, 0)
(189,126,0, 0)
(280,291,0, 0)
(461,356,0, 0)
(332,256,0, 0)
(264,243,0, 0)
(419,225,0, 0)
(410,106,1, 0)
(598,370,1, 0)
(456,580,0, 0)
(512,69,1, 0)
(610,404,1, 0)
(149,184,0, 0)
(578,82,1, 0)
(493,126,1, 0)
(261,345,0, 0)
(305,207,0, 0)
(465,142,0, 0)
(719,180,0, 0)
(598,107,1, 0)
(449,447,0, 0)
(636,462,0, 0)
(527,553,0, 0)
(108,31,0, 0)
(721,421,0, 0)
(32,494,0, 0)
(116,344,0, 0)
(635,87,0, 0)
(469,217,0, 0)
(685,444,0, 0)
(492,392,0, 0)
(121,124,0, 0)
(701,290,0, 0)
(561,411,1, 0)
(145,345,0, 0)
(192,135,0, 0)
(303,238,0, 0)
(149,556,0, 0)
(506,346,0, 0)
(50,585,0, 0)
(302,400,0, 0)
(736,18,0, 0)
(772,457,0, 0)
(186,265,0, 0)
(502,538,0, 0)
(451,155,0, 0)
(378,80,1, 0)
(451,207,0, 0)
(636,575,0, 0)
(605,107,1, 0)
(178,179,0, 0)
(580,375,1, 0)
(485,93,1, 0)
(654,555,0, 0)
(478,447,0, 0)
(305,388,0, 0)
(264,265,0, 0)
(578,26,0, 0)
(448,145,0, 0)
(364,433,0, 0)
(446,53,1, 0)
(756,567,0, 0)
(161,562,0, 0)
(250,561,0, 0)
(471,367,0, 0)
(82,555,0, 0)
(452,470,0, 0)
(574,514,0, 0)
(67,484,0, 0)
(341,116,0, 0)
(296,406,0, 0)
(493,136,1, 0)
(751,163,0, 0)
(764,68,0, 0)
(478,436,0, 0)
(588,393,1, 0)
(323,136,0, 0)
(600,394,1, 0)
(782,196,0, 0)
(24,403,0, 0)
(442,528,0, 0)
(724,493,0, 0)
(60,96,0, 0)
(663,114,0, 0)
(174,39,0, 0)
(742,39,0, 0)
(284,379,0, 0)
(634,525,0, 0)
(719,356,0, 0)
(62,557,0, 0)
(200,438,0, 0)
(757,303,0, 0)
(88,142,0, 0)
(301,554,0, 0)
(151,469,0, 0)
(183,79,0, 0)
(628,179,1, 0)
(165,433,0, 0)
(570,459,1, 0)
(402,182,0, 0)
(288,440,0, 0)
(377,434,0, 0)
(436,19,0, 0)
(779,98,0, 0)
(171,273,0, 0)
(464,457,0, 0)
(387,331,0, 0)
(234,353,0, 0)
(203,427,0, 0)
(587,312,0, 0)
(165,212,0, 0)
(698,113,0, 0)
(656,494,0, 0)
(761,193,0, 0)
(378,111,1, 0)
(223,436,0, 0)
(176,64,0, 0)
(764,234,0, 0)
(134,267,0, 0)
(460,536,0, 0)
(505,155,0, 0)
(283,171,0, 0)
(574,507,0, 0)
(110,92,0, 0)
(647,78,0, 0)
(408,479,0, 0)
(699,321,0, 0)
(401,107,1, 0)
(353,188,0, 0)
(769,464,0, 0)
(592,444,1, 0)
(443,443,0, 0)
(255,153,0, 0)
(355,39,0, 0)
(543,73,1, 0)
(448,358,0, 0)
(456,403,0, 0)
(774,277,0, 0)
(646,573,0, 0)
(656,376,1, 0)
(146,239,0, 0)
(572,430,1, 0)
(533,344,0, 0)
(304,479,0, 0)
(742,179,0, 0)
(429,423,0, 0)
(510,373,0, 0)
(421,411,0, 0)
(523,357,0, 0)
(93,494,0, 0)
(155,26,0, 0)
(710,72,0, 0)
(210,289,0, 0)
(480,175,0, 0)
(713,585,0, 0)
(300,178,0, 0)
(465,177,0, 0)
(397,134,0, 0)
(133,483,0, 0)
(190,467,0, 0)
(524,213,0, 0)
(42,429,0, 0)
(215,24,0, 0)
(683,362,1, 0)
(21,62,0, 0)
(401,294,0, 0)
(91,470,0, 0)
(169,566,0, 0)
(553,31,0, 0)
(471,286,0, 0)
(265,459,0, 0)
(759,36,0, 0)
(532,293,0, 0)
(384,181,0, 0)
(764,326,0, 0)
(679,235,1, 0)
(449,312,0, 0)
(484,487,0, 0)
(383,131,0, 0)
(586,459,1, 0)
(527,541,0, 0)
(231,208,0, 0)
(128,304,0, 0)
(219,26,0, 0)
(179,85,0, 0)
(90,450,0, 0)
(241,455,0, 0)
(336,264,0, 0)
(471,369,0, 0)
(478,39,1, 0)
(541,453,1, 0)
(465,381,0, 0)
(520,288,0, 0)
(260,581,0, 0)
(300,460,0, 0)
(696,462,0, 0)
(324,310,0, 0)
(230,420,0, 0)
(36,270,0, 0)
(567,83,1, 0)
(389,544,0, 0)
(411,222,0, 0)
(285,159,0, 0)
(445,520,0, 0)
(203,402,0, 0)
(220,467,0, 0)
(294,467,0, 0)
(401,219,0, 0)
(175,168,0, 0)
(452,263,0, 0)
(479,289,0, 0)
(530,228,0, 0)
(663,211,0, 0)
(724,343,0, 0)
